paper,indicator_id,indicator_text,section
ALTER_EU,financial_disclosure.1,"Replace the current system of hugely diverging bandwidths with a requirement that consultancies and law firms declare clients' expenditure in bandwidths of €10,000.",Financial disclosure requirements
ALTER_EU,funding_sources.1,"All registrants (including industry lobby groups, thinktanks and NGOs) should name all government agencies, grant-making foundations, companies and others that contribute to their budget.",Transparency on funding sources
ALTER_EU,funding_sources.2,Registrants should specify the amount received from each funding contributor.,Transparency on funding sources
ALTER_EU,funding_sources.3,Small private donations from individuals (up to a certain threshold) should be exempt from the funding-source disclosure requirement.,Transparency on funding sources
ALTER_EU,lobbyist_names.1,"Registrants should be required to list the names of all their lobbyists in the register, not simply those with parliamentary access badges.",Names of lobbyists and revolving door listings
ALTER_EU,lobbyist_names.2,"Registrants should disclose any former public offices that their lobbyists have held, including at the national level.",Names of lobbyists and revolving door listings
ALTER_EU,issues_lobbied.1,"Organisations should be required to provide precise information on the main legislative proposals they are lobbying on, including a list of official legislative references.",Issues lobbied on
ALTER_EU,issues_lobbied.2,Leaving the issues-lobbied field blank or providing a very general description should not be allowed.,Issues lobbied on
ALTER_EU,issues_lobbied.3,"Introduce a more user-friendly disclosure model for issues lobbied on, for example a drop-down list of legislative dossiers.",Issues lobbied on
ALTER_EU,issues_lobbied.4,"Consultancies and law firms should be obliged to provide a list of the main legislative proposals on which they have lobbied, for each of their clients.",Issues lobbied on
ALTER_EU,up_to_date.1,The register secretariat should actively check entry updates and ensure financial information is up-to-date.,Securing up-to-date information
ALTER_EU,up_to_date.2,"As a starting point, lobby expenses should refer to the most recent calendar year.",Securing up-to-date information
ALTER_EU,up_to_date.3,"Require all registrations to be updated twice a year, on fixed and pre-determined dates.",Securing up-to-date information
ALTER_EU,up_to_date.4,Lobby consultancies and law firms should provide an up-to-date list of clients from the previous six-month period twice a year.,Securing up-to-date information
ALTER_EU,up_to_date.5,New clients should be declared within one month after the start of the contract.,Securing up-to-date information
ALTER_EU,firm_clients.1,Conduct regular checks on registrations and enforce against incomplete client lists and unrecognisable/ambiguous client-name abbreviations.,Lobby firms' clients
ALTER_EU,firm_clients.2,Consultancies and law firms that fail to disclose clients should be suspended from the register and have their Parliamentary passes withdrawn.,Lobby firms' clients
ALTER_EU,firm_clients.3,"Reject any ad-hoc, derogative or exceptional formula for category I (law firms and lobby consultancies) entities claiming a need for client confidentiality; law firms providing lobbying services should be subject to the same transparency requirements as any other actor involved in lobbying.",Lobby firms' clients
ALTER_EU,consultancy_assistance.1,Registrants should be required to report which lobby consultancies and law firms have assisted them in their lobbying.,Obliging registrants to disclose lobby consultancies and law firms assisting their lobbying
ALTER_EU,lobbyist_count.1,"Registered organisations should disclose the total number of persons involved in lobbying, including their names.",Tackling the problem of under-reporting the number of lobbyists
ALTER_EU,lobbyist_count.2,"Registrants should disclose a calculation of total full-time equivalents (FTEs) for the organisation, given that some employees may be engaged in interest representation only part of the time.",Tackling the problem of under-reporting the number of lobbyists
ALTER_EU,lobbyist_count.3,"The register secretariat must enforce FTE calculation guidelines uniformly, not allowing different calculations to be used in combination with explanations from registrants.",Tackling the problem of under-reporting the number of lobbyists
ALTER_EU,data_checking.1,"Enable more comprehensive and effective data checking, including systematic checking of all new entries.",More comprehensive and effective data checking
ALTER_EU,public_scrutiny.1,Document changes in registrations with a flagging system that enables proper monitoring and allows the public to make comparisons both between organisations and over time.,Better public scrutiny
ALTER_EU,pro_active.1,The European Commission should provide comprehensive information online about all meetings and contacts between Commission officials and lobbyists.,Pro-active transparency
AccessInfo,gp.1,Lobbying is a legitimate activity and an important part of the democratic process.,GUIDING PRINCIPLES
AccessInfo,gp.2,"There is a significant public interest in ensuring the transparency and integrity of lobbying, as well as diversity of participation and contribution to public decision-making.",GUIDING PRINCIPLES
AccessInfo,gp.3,"Any regulatory measures shall be proportionate, fit for purpose and not impede on the individual rights of assembly, free speech and petition of government.",GUIDING PRINCIPLES
AccessInfo,scope.1,"'Lobbying' should cover any direct or indirect communication with a public official made, managed or directed with the purpose of influencing public decision-making.",REGULATORY SCOPE > Definitions
AccessInfo,scope.2,"'Public Official' shall include any individual with decision-making powers (and their advisors), elected/appointed/employed in executive or legislative branches at national, sub-national, or supra-national levels; in private bodies performing public functions; and in public international organisations domiciled or operational in the country.",REGULATORY SCOPE > Definitions
AccessInfo,scope.3,"'Lobbyist' should entail any natural or legal person who engages in lobbying activities, whether for private, public or collective ends, whether for compensation or without.",REGULATORY SCOPE > Definitions
AccessInfo,scope.4,"'Public decision-making' shall include creation/amendment of legislation or other regulatory measures; development, modification and implementation of public policies, strategies and programmes; and awarding of government contracts/grants, administrative decisions or other public spending decisions.",REGULATORY SCOPE > Definitions
AccessInfo,scope.5,"Citizen interactions concerning private affairs shall not be considered lobbying, save where they may concern individual economic interests of sufficient size or importance to potentially compromise public interest; in such case a balancing act on benefit and efficacy of regulation is needed, with consideration for constitutional protections.",REGULATORY SCOPE > Exceptions
AccessInfo,scope.6,"If deemed necessary, the regulation may exclude public officials acting in their official capacity, diplomatic agents of foreign states, and political parties (since they play a quasi-public role).",REGULATORY SCOPE > Exceptions
AccessInfo,transp.1,"Mandatory register: framework should require establishment of a mandatory lobbying register to which lobbyists, and all organisations who lobby (in-house or other), must sign up; activities are reported on a periodic basis along with designated supplementary information.",TRANSPARENCY > Lobbying Register
AccessInfo,transp.2,"Timely registration and reporting: initial lobbyist registration should take place before any lobbying activity; updates shortly after relevant changes; activity reporting frequency set to allow meaningful analysis (minimum quarterly, ideally close to real-time).",TRANSPARENCY > Lobbying Register
AccessInfo,transp.3,"Information disclosed: among others, the register shall include information on lobbyist identity, subject matter and outcomes sought, ultimate beneficiary, targeted institution/official, type and frequency of activities, supporting documentation, expenditure (incl. in-kind), funding sources, political contributions, prior public-official roles (incl. family), and public funding received.",TRANSPARENCY > Lobbying Register
AccessInfo,transp.3.a,Lobbyist identity,TRANSPARENCY > Lobbying Register > Information disclosed
AccessInfo,transp.3.b,The subject matter of lobbying activities and outcomes sought,TRANSPARENCY > Lobbying Register > Information disclosed
AccessInfo,transp.3.c,The ultimate beneficiary of lobbying activities (where relevant),TRANSPARENCY > Lobbying Register > Information disclosed
AccessInfo,transp.3.d,The targeted institution and/or the public official concerned,TRANSPARENCY > Lobbying Register > Information disclosed
AccessInfo,transp.3.e,The type and frequency of lobbying activities,TRANSPARENCY > Lobbying Register > Information disclosed
AccessInfo,transp.3.f,Any supporting documentation shared with the public officials,TRANSPARENCY > Lobbying Register > Information disclosed
AccessInfo,transp.3.g,"Lobbying expenditure, including in-kind (calculated to set criteria, in cost bands if need be)",TRANSPARENCY > Lobbying Register > Information disclosed
AccessInfo,transp.3.h,"Sources of funding, per client and per dossier",TRANSPARENCY > Lobbying Register > Information disclosed
AccessInfo,transp.3.i,"Any political contributions, including in-kind",TRANSPARENCY > Lobbying Register > Information disclosed
AccessInfo,transp.3.j,Any prior roles as public official held by the individual and/or family members,TRANSPARENCY > Lobbying Register > Information disclosed
AccessInfo,transp.3.k,Public funding received,TRANSPARENCY > Lobbying Register > Information disclosed
AccessInfo,transp.4,"Accessibility, openness and comparability of data: information online via single website, free of charge, indexable and downloadable in full as machine-readable open data (per opendefinition.org); should conform to existing open data standards; unique identifier per lobbyist/organisation; linking to other data sets is recommended.",TRANSPARENCY > Lobbying Register
AccessInfo,transp.5,Minimal administrative burden: system should allow ease of registration and reporting and minimise burden; balance with public-sector proactive disclosure obligations and the public right to know.,TRANSPARENCY > Lobbying Register
AccessInfo,transp.6,"Access to information law: a comprehensive access-to-information law shall guarantee the public's right of access to information, including information about lobbying.",TRANSPARENCY > Public Access to Information
AccessInfo,transp.7,"Limited exceptions: ATI law should set out a limited number of exceptions (privacy, security, financial sensitivity, decision-making process, other legitimate concerns), bound by a harm and public-interest test in line with international standards.",TRANSPARENCY > Public Access to Information
AccessInfo,transp.8,"Proactive publication: public bodies/officials proactively publish organisational, programmatic, administrative, financial, and business-schedule information; meeting summaries; background documentation; preparatory analyses; obligations extend to expert/consultative bodies.",TRANSPARENCY > Public Access to Information
AccessInfo,transp.9,"Decision-making footprint: where possible, and certainly for all legislative and policy initiatives, information should be clustered around individual items, producing a 'decision-making footprint' outlining history, public engagement and process; should link to lobbying-register data.",TRANSPARENCY > Public Access to Information
AccessInfo,transp.10,"Clear, free and comprehensive: all information made public without charge (excluding actual delivery costs) and without limits to reuse; key information accessible/comprehensible to citizens and interest groups; recently generated data published as machine-readable open data.",TRANSPARENCY > Public Access to Information
AccessInfo,integ.1,"Codes of Conduct (public officials): all public officials shall have an applicable set of rules laying out key standards of conduct including for dealings with third parties; rules may be institution-dependent but should include behavioural principles, record-keeping duty, duty to avoid unregistered lobbyists, confidentiality, conflict-of-interest mechanism, gifts/hospitality guidance, assets/interests disclosure.",INTEGRITY > Public Officials
AccessInfo,integ.1.a,"Key behavioural principles including transparency, integrity, responsiveness, impartiality, fairness, accountability and serving the public interest",INTEGRITY > Public Officials > Codes of Conduct
AccessInfo,integ.1.b,"The duty to keep a true and detailed record of their actions, including of meetings with lobbyists",INTEGRITY > Public Officials > Codes of Conduct
AccessInfo,integ.1.c,"The duty to avoid lobbying contacts with unregistered lobbyists, and to report any violations of the lobbying rules to their superiors or relevant bodies",INTEGRITY > Public Officials > Codes of Conduct
AccessInfo,integ.1.d,"The duty of confidentiality, subject to the public access to information regime",INTEGRITY > Public Officials > Codes of Conduct
AccessInfo,integ.1.e,"A comprehensive mechanism for dealing with any real, potential or apparent conflicts of interest, including the incompatibilities of being a lobbyist",INTEGRITY > Public Officials > Codes of Conduct
AccessInfo,integ.1.f,"A comprehensive guidance for dealing with gifts and hospitality, including their registration or decline",INTEGRITY > Public Officials > Codes of Conduct
AccessInfo,integ.1.g,"A system for assets and interests disclosure by the public official, as well as by their family and business partners depending on the scope of decision-making power",INTEGRITY > Public Officials > Codes of Conduct
AccessInfo,integ.2,Post-employment restrictions: proportionate moratoria (or 'cooling-off periods') of at least 2 years before former public officials can lobby their former institutions concerning prior duties; approval from a designated ethics agency may be required.,INTEGRITY > Public Officials
AccessInfo,integ.3,"Pre-employment restrictions: prospective public officials (excluding those elected), particularly those hired/seconded into advisory and regulatory roles, subject to a conflict-of-interest vetting process that may necessitate recusal, supervision, or disqualification; omission to declare relevant details should trigger disciplinary procedures.",INTEGRITY > Public Officials
AccessInfo,integ.4,Statutory code of conduct: there should be a statutory code of conduct for lobbyists developed in close consultation with all stakeholders and interested parties.,INTEGRITY > Lobbyists
AccessInfo,integ.5,"Behavioural standards: the code shall lay out core behavioural standards, particularly with regard to honesty and the avoidance of undue influence.",INTEGRITY > Lobbyists
AccessInfo,integ.6,"Self-regulation: supplementary measures shall be taken to encourage lobbyists to voluntarily adopt, publicise and report on additional ethical commitments, including through collective action; commitments backed by internal control/sanction mechanisms and integrated within CSR/governance strategy.",INTEGRITY > Lobbyists
AccessInfo,part.1,"Right to participate: a generally recognised right for all groups and the public at large to participate in public decision-making, extending in particular to legislative and policy matters, within all levels of governance.",PARTICIPATION & ACCESS > Public Participation in Decision-making
AccessInfo,part.2,"Public consultation process: a legal framework should lay out, in a law or group of laws, the varied means for public participation in formulation, implementation, and evaluation of policies and laws — including timeframes, mechanisms to disseminate meeting information, attendance/participation rules, and tools to submit comments.",PARTICIPATION & ACCESS > Public Participation in Decision-making
AccessInfo,part.3,Equal opportunity: there shall be an obligation on public authorities to provide an equal opportunity for participation to various interest groups and the public at large.,PARTICIPATION & ACCESS > Public Participation in Decision-making
AccessInfo,part.4,"Timely and effective contribution: public authorities should provide an adequate consultation period allowing sufficient time for review of preparatory materials, and should promote effective participation at the appropriate stage while decisions are still open.",PARTICIPATION & ACCESS > Public Participation in Decision-making
AccessInfo,part.5,Publication of results: written and verbal views of consultation participants shall be made public; authorities should outline how the various views have been taken into account and why.,PARTICIPATION & ACCESS > Public Participation in Decision-making
AccessInfo,part.6,Refusals of the right: public authorities shall provide a written justification for any refusal of the right to participate; those excluded shall have options to challenge and contest the exclusion in a procedure expeditious enough to allow participation if the refusal is overturned.,PARTICIPATION & ACCESS > Public Participation in Decision-making
AccessInfo,part.7,"Balanced composition: there should be a legal obligation on public authorities to strive for a balanced composition of expert and advisory bodies, representing a diversity of interests and views.",PARTICIPATION & ACCESS > Expert/Advisory Groups
AccessInfo,part.8,Disclosure of interests: advisory and expert group members shall be required to disclose their interests and affiliations relevant to items under consideration in advance of any work on the issue.,PARTICIPATION & ACCESS > Expert/Advisory Groups
AccessInfo,part.9,"Lobbyist incentives: any lobbyist incentives should be considered with care, so as not to entrench special privilege of organised interests over those of individual citizens.",PARTICIPATION & ACCESS > Lobbyist incentives
AccessInfo,overs.1,"Management & Investigation: an independent, mandated and well-resourced oversight body or coordinated mechanism should be charged with managing registration, reviewing conflicts of interest, collating proactively disclosed information, monitoring compliance (incl. spot-audits), following up on complaints, investigating breaches, and consulting on/defining further provisions.","OVERSIGHT, MANAGEMENT AND SANCTIONS"
AccessInfo,overs.1.a,Managing lobbying registration,"OVERSIGHT, MANAGEMENT AND SANCTIONS > Management & Investigation"
AccessInfo,overs.1.b,Reviewing potential conflicts of interest,"OVERSIGHT, MANAGEMENT AND SANCTIONS > Management & Investigation"
AccessInfo,overs.1.c,Collating and disseminating the locations of proactively disclosed information,"OVERSIGHT, MANAGEMENT AND SANCTIONS > Management & Investigation"
AccessInfo,overs.1.d,Monitoring compliance (including pro-active verification and spot-audits of reports),"OVERSIGHT, MANAGEMENT AND SANCTIONS > Management & Investigation"
AccessInfo,overs.1.e,Following up on complaints,"OVERSIGHT, MANAGEMENT AND SANCTIONS > Management & Investigation"
AccessInfo,overs.1.f,Investigating apparent breaches and anomalies,"OVERSIGHT, MANAGEMENT AND SANCTIONS > Management & Investigation"
AccessInfo,overs.1.g,Consulting on and defining further regulatory provisions where there is a mandate,"OVERSIGHT, MANAGEMENT AND SANCTIONS > Management & Investigation"
AccessInfo,overs.2,"Advice, analysis and awareness raising: the oversight body should also offer guidance and training to lobbyists and public officials, analyse trends and report findings, raise awareness among the public and the profession, and promote best practice.","OVERSIGHT, MANAGEMENT AND SANCTIONS"
AccessInfo,overs.3,"Complaint mechanism: a well-publicised complaint mechanism that allows anyone to report violations openly, confidentially or anonymously, and to be informed on the specific outcome of the complaint, subject to privacy limitations.","OVERSIGHT, MANAGEMENT AND SANCTIONS"
AccessInfo,overs.4,"Sanctions: lobbyists and public officials shall be subject to effective, proportionate and dissuasive sanctions for violations; sliding scale incl. criminal sanctions, (temporary) de-registration, and disciplinary proceedings; sanctioned names may be published; contracts concluded in violation may be deemed null and void; personal liability of leadership where they consented or connived.","OVERSIGHT, MANAGEMENT AND SANCTIONS"
AccessInfo,rfd.1,"Local context: insofar as not contrary to the guiding principles, lobbying regulations should address the particularities of the local context — socio-political considerations (corporatism, formalised social partnerships); degree of informal and professional lobbying; nature of public concerns potentially giving rise to regulation.",REGULATORY FRAMEWORK DESIGN
AccessInfo,rfd.2,"Broader regulatory framework: design of lobbying regulations necessitates thorough review and consistency with — and potential amendment of — the broader regulatory framework, in particular laws/policies on trading-in-influence, political finance, public procurement, media law, labour law, whistle-blower protection, legislative procedure, judicial/administrative review, and rights to free speech/assembly/petition.",REGULATORY FRAMEWORK DESIGN
AccessInfo,rfd.2.a,"Trading in influence, bribery and other corrupt conduct",REGULATORY FRAMEWORK DESIGN > Broader regulatory framework
AccessInfo,rfd.2.b,Political finance (limits and transparency) and sponsoring of election candidates or parties,REGULATORY FRAMEWORK DESIGN > Broader regulatory framework
AccessInfo,rfd.2.c,Public procurement and state benefits (due process and supervision mechanisms),REGULATORY FRAMEWORK DESIGN > Broader regulatory framework
AccessInfo,rfd.2.d,Media law (independence and sponsorship),REGULATORY FRAMEWORK DESIGN > Broader regulatory framework
AccessInfo,rfd.2.e,Labour law (collective bargaining),REGULATORY FRAMEWORK DESIGN > Broader regulatory framework
AccessInfo,rfd.2.f,Whistle-blower protection,REGULATORY FRAMEWORK DESIGN > Broader regulatory framework
AccessInfo,rfd.2.g,Legislative procedure (including bringing of items under urgency),REGULATORY FRAMEWORK DESIGN > Broader regulatory framework
AccessInfo,rfd.2.h,Judicial and administrative review,REGULATORY FRAMEWORK DESIGN > Broader regulatory framework
AccessInfo,rfd.2.i,"Rights to freedom of speech, assembly and petition of government",REGULATORY FRAMEWORK DESIGN > Broader regulatory framework
AccessInfo,rfd.3,"Periodic review: the regulatory framework should be subject to an initial review one year after commencement of the legislation, and thereafter further periodic review for effectiveness and compliance with guiding principles.",REGULATORY FRAMEWORK DESIGN
CPI_2015,C01,Public access to information,13_categories
CPI_2015,C02,Political financing,13_categories
CPI_2015,C03,Electoral oversight,13_categories
CPI_2015,C04,Executive accountability,13_categories
CPI_2015,C05,Legislative accountability,13_categories
CPI_2015,C06,Judicial accountability,13_categories
CPI_2015,C07,State budget processes,13_categories
CPI_2015,C08,State civil service management,13_categories
CPI_2015,C09,Procurement,13_categories
CPI_2015,C10,Internal auditing,13_categories
CPI_2015,C11,Lobbying disclosure,13_categories
CPI_2015,C12,State pension fund management,13_categories
CPI_2015,C13,Ethics enforcement agencies,13_categories
CPI_2015,Q_LA1,"Whether lawmakers are required to file financial interest disclosures, and also whether they are complete and detailed",Legislative accountability
CPI_2015,Q_AI1,Whether citizens actually receive responses to their requests swiftly and at reasonable cost,Public access to information
CPI_2015,Q_OD,Whether governments are meeting open data principles (per-category sub-questions),Cross-cutting (added in 2015)
Carnstone,carnstone_1_1,"Responsible lobbying must consider the wider public interest, not only an organisation's needs narrowly defined; it should respect the interests and needs of people, communities and the environment, and lobbyists should be able to present a public interest case for their positions.",LEGITIMACY
Carnstone,carnstone_1_2,"Responsible lobbying should support an evidence-based approach to policy making, clearly respecting independent, peer-reviewed science.",LEGITIMACY
Carnstone,carnstone_1_3,"Responsible lobbying must respect and not undermine existing public policy / human rights frameworks developed by international agencies, national and/or sub-national governments, and standard-setting bodies.",LEGITIMACY
Carnstone,carnstone_1_4,"Political donations should at best be avoided; if made, they should be fully and transparently disclosed.",LEGITIMACY
Carnstone,carnstone_1_5,Conflicts of interest should be identified and disclosed with clear policies in place — including credible dispute resolution — to manage them.,LEGITIMACY
Carnstone,carnstone_1_6,"The lobbying organisation should have clear codes of conduct to prevent bribery and corruption in its relations with public officials, including the offering and receiving of gifts, hospitality or other financial and in-kind incentives; codes apply to all in-house and intermediary lobbyists.",LEGITIMACY
Carnstone,carnstone_1_7,"Policies and processes for managing the ""revolving door"" should be in place, covering the hiring of former politicians and public officials, secondments or placement of staff into public sectors, and cooling-off periods where needed.",LEGITIMACY
Carnstone,carnstone_2_1,"Disclose the nature of all direct and intermediary lobbying (paid or unpaid), including: identity of lobbyists engaged; identity of public sector officials engaged; issues addressed; outcomes sought; positions on sub-national, national and international policy frameworks; frequency of engagement; and ultimate beneficiaries.",TRANSPARENCY
Carnstone,carnstone_2_2,"Disclose the monetary value of: spend on direct lobbying (including spend on intermediary lobbyists, paid or unpaid); spend on third-party organisation memberships (including the lobbying portion); and political donations (including in-kind), consistent with national frameworks.",TRANSPARENCY
Carnstone,carnstone_2_3,"Disclose any materials shared with public sector recipients as part of lobbying activity, excluding commercially sensitive materials.",TRANSPARENCY
Carnstone,carnstone_2_4,"Disclose the full list of third-party organisation memberships, including board seats held.",TRANSPARENCY
Carnstone,carnstone_2_5,"Disclose policies, processes and approaches, and results of accountability mechanisms such as periodic audits, referenced under other Principles of this Framework.",TRANSPARENCY
Carnstone,carnstone_2_a,"All disclosures should be made at least annually following reporting cycles, ideally quarterly.",TRANSPARENCY
Carnstone,carnstone_2_b,"All disclosures should be publicly available in an easily accessible and identifiable location on the organisation's website, and where relevant promptly made available to public sector officials lobbied.",TRANSPARENCY
Carnstone,carnstone_2_c,"All disclosures should be compiled in a dedicated report, report section or webpage, providing a total view of the organisation's material activities and issues, nationally and globally.",TRANSPARENCY
Carnstone,carnstone_3_1,"Responsible lobbyists will have controls over third-party membership organisations (such as trade associations): processes to identify positions across all geographies (taking into account credible media reports), and processes to review and proactively manage relationships, with clear escalation steps in cases of misalignment up to withdrawal.",CONSISTENCY
Carnstone,carnstone_3_2,"Have controls over all lobbyists (in-house and intermediary, paid or unpaid) to ensure they understand and adhere to organisational policies — through codes of conduct, training, and regular performance assessment — with substantial public sanctions for those who contravene policies.",CONSISTENCY
Carnstone,carnstone_4_1,"There will be external stakeholder involvement in lobbying — for example stakeholder partners may be involved in setting lobbying positions, agreeing lobbying strategy, and reviewing performance.",ACCOUNTABILITY
Carnstone,carnstone_4_2,"Support for and adherence to national laws, standards and any national codes of conduct for lobbyists, with any illegal and unethical activity duly reported to relevant legal or oversight authorities.",ACCOUNTABILITY
Carnstone,carnstone_4_3,"The organisation's Board to have clear oversight of lobbying policy positions, the lobbying processes and practices of the organisation itself, of intermediary lobbyists (paid or unpaid), and of the lobbying activity of third-party organisations it is a member of.",ACCOUNTABILITY
Carnstone,carnstone_4_4,"Periodic audits, the results of which should inform policies and be publicly reported, of: all public disclosures (for accuracy and completeness); all lobbying activities (for alignment); and controls over third-party membership organisations or intermediary lobbyists (for effectiveness).",ACCOUNTABILITY
Carnstone,carnstone_4_5,"Internal whistleblowing mechanisms, offering all employees the chance to raise anonymously any concerns or breaches of the organisation's lobbying policies and codes of conduct, or illegal/unethical lobbying activity.",ACCOUNTABILITY
Carnstone,carnstone_5_1,"Respect and safeguard the opportunity for interest groups to lobby — for example, not spending disproportionate resources on lobbying to crowd out other interests, regardless of legal caps on political donations.",OPPORTUNITY
Carnstone,carnstone_5_2,"Pursue opportunities for multi-stakeholder partnerships, including companies and CSOs, to lobby together where a common position that supports key public interest outcomes can be found.",OPPORTUNITY
Carnstone,carnstone_5_3,Cooperation between companies and CSOs to promote and support higher transparency and accountability standards from governments.,OPPORTUNITY
CouncilEurope,def_a,lobbying means promoting specific interests by communication with a public official as part of a structured and organised action aimed at influencing public decision making.,Definitions
CouncilEurope,def_b,lobbyist means any natural or legal person who engages in lobbying.,Definitions
CouncilEurope,def_c,"public decision making means decision making within the legislative and executive branches, whether at national, regional or local level.",Definitions
CouncilEurope,def_d,"public official means any person exercising a public function, whether elected, employed or otherwise, in the legislative or executive branches.",Definitions
CouncilEurope,def_e,"legal regulation means statutory regulation, a system of self-regulation or a combination of both.",Definitions
CouncilEurope,P1,Legal regulation of lobbying should promote the transparency of lobbying activities.,A. Objective of legal regulation
CouncilEurope,P2_a,Consultant lobbyists acting on behalf of a third party should be subject to legal regulation.,B. Activities subject to legal regulation
CouncilEurope,P2_b,In-house lobbyists acting on behalf of their employer should be subject to legal regulation.,B. Activities subject to legal regulation
CouncilEurope,P2_c,Organisations or bodies representing professional or other sectoral interests should be subject to legal regulation.,B. Activities subject to legal regulation
CouncilEurope,P3,Exemptions to legal regulations on lobbying should be clearly defined and justified.,B. Activities subject to legal regulation
CouncilEurope,P4_a,"Legal regulation of lobbying should not infringe the right of individuals to express their opinions and petition public officials, bodies and institutions, whether individually or collectively.","C. Freedom of expression, political activities and participation in public life"
CouncilEurope,P4_b,"Legal regulation of lobbying should not infringe the right of individuals to campaign for political change and change in legislation, policy or practice within the framework of legitimate political activities, individually or collectively.","C. Freedom of expression, political activities and participation in public life"
CouncilEurope,P5,Information on lobbying activities in the context of public decision-making processes should be disclosed.,D. Transparency
CouncilEurope,P6,The rules on disclosure should be proportionate to the importance of the subject matter of the public decision-making process and should reflect constitutional guarantees.,D. Transparency
CouncilEurope,P7,A register of lobbyists should be maintained by public authorities or other designated bodies.,E. Public registers of lobbyists
CouncilEurope,P8,Information held in the register should be of a declaratory character. Lobbyists should be responsible for ensuring the information is accurate and up to date.,E. Public registers of lobbyists
CouncilEurope,P9,"The register should be easily accessible and user-friendly. It should be available online with easy-to-use search facilities, open to the public, and consultation should be free of charge.",E. Public registers of lobbyists
CouncilEurope,P10,The processing of personal data from the register should comply with applicable standards on personal data protection.,E. Public registers of lobbyists
CouncilEurope,P11_a,The register should include as a minimum the name and contact details of the lobbyist.,E. Public registers of lobbyists
CouncilEurope,P11_b,The register should include as a minimum the subject matter of the lobbying activities.,E. Public registers of lobbyists
CouncilEurope,P11_c,"The register should include as a minimum the identity of the client or employer, where applicable.",E. Public registers of lobbyists
CouncilEurope,P12,"In order to further promote transparency, registers may include additional information in accordance with national conditions and requirements.",E. Public registers of lobbyists
CouncilEurope,P13,"Where a member State can demonstrate that alternative mechanisms guarantee public access to information on lobbying activities and ensure equivalent levels of accessibility and transparency, it may be considered that the requirement for a public register is satisfied.",E. Public registers of lobbyists
CouncilEurope,P14,"Lobbyists should be guided by the principles of openness, transparency, honesty and integrity.",F. Standards of ethical behaviour for lobbyists
CouncilEurope,P14_a,Lobbyists should be expected to provide accurate and correct information on their lobbying assignment to the public official concerned.,F. Standards of ethical behaviour for lobbyists
CouncilEurope,P14_b,Lobbyists should be expected to act honestly and in good faith in relation to the lobbying assignment and in all contact with public officials.,F. Standards of ethical behaviour for lobbyists
CouncilEurope,P14_c,Lobbyists should be expected to refrain from undue and improper influence over public officials and the public decision-making process.,F. Standards of ethical behaviour for lobbyists
CouncilEurope,P14_d,Lobbyists should be expected to avoid conflicts of interest.,F. Standards of ethical behaviour for lobbyists
CouncilEurope,P15,"Legal regulations on lobbying should contain sanctions for non-compliance. These sanctions should be effective, proportionate and dissuasive.",G. Sanctions
CouncilEurope,P16,Appropriate measures tailored to national circumstances should be in place in order to avoid risks to public sector integrity that might be created by lobbying activities.,H. Public sector integrity
CouncilEurope,P17_a,"Measures could include a ""cooling-off"" period before either a public official may become a lobbyist after leaving public employment or office, or a lobbyist may become a public official after ceasing lobbying activities.",H. Public sector integrity
CouncilEurope,P17_b_gifts,Measures could include guidance to public officials concerning refusing or disclosing the receipt of gifts and hospitality offered by a lobbyist.,H. Public sector integrity
CouncilEurope,P17_b_communications,Measures could include guidance to public officials concerning how to respond to communications from lobbyists.,H. Public sector integrity
CouncilEurope,P17_b_violations,Measures could include guidance to public officials concerning reporting violations of the regulations or rules of conduct on lobbying activities.,H. Public sector integrity
CouncilEurope,P17_b_coi,Measures could include guidance to public officials concerning disclosing conflicts of interest.,H. Public sector integrity
CouncilEurope,P17_b_confidentiality,Measures could include guidance to public officials concerning preserving the confidentiality of data.,H. Public sector integrity
CouncilEurope,P18,Oversight of the regulations on lobbying activities should be entrusted to designated public authorities.,"I. Oversight, advice and awareness"
CouncilEurope,P19_a,Oversight may include monitoring compliance with the regulations.,"I. Oversight, advice and awareness"
CouncilEurope,P19_b,Oversight may include providing guidance to lobbyists and public officials on the application of the regulations.,"I. Oversight, advice and awareness"
CouncilEurope,P19_c,"Oversight may include raising awareness among lobbyists, public officials and the public.","I. Oversight, advice and awareness"
CouncilEurope,P20,The framework for the legal regulation of lobbying activities should be kept under review.,J. Review
FOCAL,scope.1,"The following types of lobbyists are included in the register: professional lobbyists/consultants, in-house company lobbyists, in-house organisation lobbyists, professional consultancies, law firms, think tanks, research institutions, public entities, government agencies/employees",Scope: The scope of what is included and excluded from the register
FOCAL,scope.2,There is no (or low) financial or time threshold to qualify/exempt lobbyists from registration,Scope: The scope of what is included and excluded from the register
FOCAL,scope.3,"The following are included as targets of lobbying: legislative branches, executive branch officials, Ministers, Deputy Ministers, members of parliament, Director-Generals and senior officials, staff, administrative branch/bureaucracy",Scope: The scope of what is included and excluded from the register
FOCAL,scope.4,"A wide breadth of activities are included, eg, oral, written, electronic, virtual communications; organising meetings for others; events; phone calls and emails",Scope: The scope of what is included and excluded from the register
FOCAL,timeliness.1,"Changes (eg, registering/deregistering lobbyists, new clients) are updated close to real time (eg, daily)",Timeliness: The frequency of lobbying disclosures
FOCAL,timeliness.2,"Lobbying activities are disclosed close to real time (eg, daily)",Timeliness: The frequency of lobbying disclosures
FOCAL,timeliness.3,Ministerial diaries are disclosed monthly (or more frequently),Timeliness: The frequency of lobbying disclosures
FOCAL,openness.1,Lobbyist register is online,Openness: How easy it is to find and use information in the register
FOCAL,openness.2,"Diaries available online (eg, lobbyists, ministers, ministerial staff)",Openness: How easy it is to find and use information in the register
FOCAL,openness.3,"Available without registration, free to access, open license (eg, no limits to reuse), non-proprietary format (eg, CSV, not Excel), machine readable",Openness: How easy it is to find and use information in the register
FOCAL,openness.4,"Downloadable (eg, as files, database)",Openness: How easy it is to find and use information in the register
FOCAL,openness.5,"Searchable, simultaneous sorting with multiple criteria",Openness: How easy it is to find and use information in the register
FOCAL,openness.6,"Unique identifiers (eg, for lobbyists, individuals, organisations)",Openness: How easy it is to find and use information in the register
FOCAL,openness.7,"Linked or interconnected data (to other datasets, eg, campaign financing)",Openness: How easy it is to find and use information in the register
FOCAL,openness.8,Historical data in lobbyist register is archived and published; downloadable,Openness: How easy it is to find and use information in the register
FOCAL,openness.9,Changes or updates documented with a flagging system,Openness: How easy it is to find and use information in the register
FOCAL,descriptors.1,"Full names of lobbyists/organisations, (not abbreviations or ambiguous names)",Descriptors: Descriptions and identifying elements of the individuals and organisations involved in lobbying
FOCAL,descriptors.2,"Contact details provided (eg, Address, telephone and/or website)",Descriptors: Descriptions and identifying elements of the individuals and organisations involved in lobbying
FOCAL,descriptors.3,"Legal form (eg, public, private, not-for-profit, NGO, government)",Descriptors: Descriptions and identifying elements of the individuals and organisations involved in lobbying
FOCAL,descriptors.4,Company registration number,Descriptors: Descriptions and identifying elements of the individuals and organisations involved in lobbying
FOCAL,descriptors.5,"Sector (eg, transport, energy), sub sector",Descriptors: Descriptions and identifying elements of the individuals and organisations involved in lobbying
FOCAL,descriptors.6,"Type of lobbyist contract (eg, salaried staff, contracted)",Descriptors: Descriptions and identifying elements of the individuals and organisations involved in lobbying
FOCAL,revolving_door.1,"List of all prior public offices that lobbyists have held, dates when left office",Revolving door: The movement between public and private sector employment
FOCAL,revolving_door.2,"Database of public officials who are subject to a ban on lobbying (eg, cooling off period)",Revolving door: The movement between public and private sector employment
FOCAL,relationships.1,Client list (for all consultant lobbyists and firms),Relationships: The connections between the different actors involved in or benefiting from lobbying
FOCAL,relationships.2,Names of all sponsors or members (for associations and representative groups),Relationships: The connections between the different actors involved in or benefiting from lobbying
FOCAL,relationships.3,"List of board seats held (eg, in associations, companies)",Relationships: The connections between the different actors involved in or benefiting from lobbying
FOCAL,relationships.4,"Direct business associations with public officials, candidates or members of their households",Relationships: The connections between the different actors involved in or benefiting from lobbying
FOCAL,financials.1,Total lobbying income (for consultant lobbyists/lobby firms),Financials: The flow of money spent and earned through lobbying activities
FOCAL,financials.2,Lobbying income per client,Financials: The flow of money spent and earned through lobbying activities
FOCAL,financials.3,"Income sources (eg, including government agencies, grant-making foundations, companies) and amount received",Financials: The flow of money spent and earned through lobbying activities
FOCAL,financials.4,Number of lobbyists employed/contracted (total and full-time equivalent),Financials: The flow of money spent and earned through lobbying activities
FOCAL,financials.5,Amount of time spent on lobbying,Financials: The flow of money spent and earned through lobbying activities
FOCAL,financials.6,Total lobbying expenditure (both in-house and consulting),Financials: The flow of money spent and earned through lobbying activities
FOCAL,financials.7,Compensated/uncompensated lobbying activities,Financials: The flow of money spent and earned through lobbying activities
FOCAL,financials.8,Expenditure per issue,Financials: The flow of money spent and earned through lobbying activities
FOCAL,financials.9,"Expenditure on membership/sponsorship of organisations that lobby (eg, trade associations)",Financials: The flow of money spent and earned through lobbying activities
FOCAL,financials.10,"Expenditures benefitting public officials or employees including financial/non-financial gifts and support, employer/principal on whose behalf expenses were made",Financials: The flow of money spent and earned through lobbying activities
FOCAL,financials.11,"Campaign/political contributions, including in-kind",Financials: The flow of money spent and earned through lobbying activities
FOCAL,contact_log.1,Organisation/interest(s) represented (beneficiary),Contact log: The activities of lobbyists
FOCAL,contact_log.2,Names of persons contacted and their position/role,Contact log: The activities of lobbyists
FOCAL,contact_log.3,Institution/department contacted,Contact log: The activities of lobbyists
FOCAL,contact_log.4,"If a meeting, names of all attendees",Contact log: The activities of lobbyists
FOCAL,contact_log.5,Date,Contact log: The activities of lobbyists
FOCAL,contact_log.6,"Form (eg, in person meeting, video conference, phone call)",Contact log: The activities of lobbyists
FOCAL,contact_log.7,Location,Contact log: The activities of lobbyists
FOCAL,contact_log.8,"Any materials that were shared, excluding commercially sensitive materials (before, during and after the meeting)",Contact log: The activities of lobbyists
FOCAL,contact_log.9,Topics/issues discussed,Contact log: The activities of lobbyists
FOCAL,contact_log.10,"Outcomes sought (eg, legislation/policies supported/opposed)",Contact log: The activities of lobbyists
FOCAL,contact_log.11,"Targeted areas of public policy or legislation, including a list of official legislative references/bill numbers/measures etc",Contact log: The activities of lobbyists
GDB,G.LOBBYING.REGISTER,"To what extent do relevant laws, regulations, policies, and guidance provide a basis for collecting and publishing data on lobbying activities?",Governance pillar / Political Integrity module — primary indicator
GDB,A.LOBBYING.DATA,To what extent is lobby register information available as open data?,Availability pillar / Political Integrity module — primary indicator
GDB,C.POLINT.INTEROPERABILITY,"To what extent is political integrity data interoperable across different political integrity datasets, as well as other datasets associated with relevant information flows?","Capability pillar / Political Integrity module — primary indicator (cross-cuts lobbying, political finance, asset declarations, public consultation, RTI)"
HiredGuns,Q1,"In addition to legislative lobbyists, does the deﬁnition recognize executive branch lobbyists?",Deﬁnition of Lobbyist
HiredGuns,Q2,"How much does an individual have to make/spend to qualify as a lobbyist or to prompt registration as a lobbyist, according to the deﬁnition?",Deﬁnition of Lobbyist
HiredGuns,Q3,Is a lobbyist required to ﬁle a registration form?,Individual Registration
HiredGuns,Q4,How many days can lobbying take place before registration is required?,Individual Registration
HiredGuns,Q5,Is subject matter or bill number to be addressed by a lobbyist required on registration forms?,Individual Registration
HiredGuns,Q6,How often is registration by a lobbyist required?,Individual Registration
HiredGuns,Q7,Within how many days must a lobbyist notify the oversight agency of changes in registration?,Individual Registration
HiredGuns,Q8,Is a lobbyist required to submit a photograph with registration?,Individual Registration
HiredGuns,Q9,Is a lobbyist required to identify by name each employer on the registration form?,Individual Registration
HiredGuns,Q10,"Is a lobbyist required to include on the registration form any additional information about the type of lobbying work he or she does (i.e., compensated or non-compensated/contract or salaried)?",Individual Registration
HiredGuns,Q11,Is a lobbyist required to ﬁle a spending report?,Individual Spending Disclosure
HiredGuns,Q12,How often during each two-year cycle is a lobbyist required to report spending?,Individual Spending Disclosure
HiredGuns,Q13,Is compensation/salary required to be reported by a lobbyist on spending reports?,Individual Spending Disclosure
HiredGuns,Q14,"Are summaries (totals) of spending classiﬁed by category types (i.e., gifts, entertainment, postage, etc.)?",Individual Spending Disclosure
HiredGuns,Q15,What spending must be itemized?,Individual Spending Disclosure
HiredGuns,Q16,Is the lobbyist employer/principal on whose behalf the itemized expenditure was made required to be identiﬁed?,Individual Spending Disclosure
HiredGuns,Q17,Is the recipient of the itemized expenditure required to be identiﬁed?,Individual Spending Disclosure
HiredGuns,Q18,Is the date of the itemized expenditure required to be reported?,Individual Spending Disclosure
HiredGuns,Q19,Is a description of the itemized expenditure required to be reported?,Individual Spending Disclosure
HiredGuns,Q20,Is subject matter or bill number to be addressed by a lobbyist required on spending reports?,Individual Spending Disclosure
HiredGuns,Q21,Is spending on household members of public ofﬁcials by a lobbyist required to be reported?,Individual Spending Disclosure
HiredGuns,Q22,"Is a lobbyist required to disclose direct business associations with public ofﬁcials, candidates or members of their households?",Individual Spending Disclosure
HiredGuns,Q23,What is the statutory provision for a lobbyist giving and reporting gifts?,Individual Spending Disclosure
HiredGuns,Q25,Is a lobbyist who has done no spending during a ﬁling period required to make a report of no activity?,Individual Spending Disclosure
HiredGuns,Q26,Is an employer or principal of a lobbyist required to ﬁle a spending report?,Employer Spending Disclosure
HiredGuns,Q27,Is compensation/salary required to be reported on employer/principal spending reports?,Employer Spending Disclosure
HiredGuns,Q28,Does the oversight agency provide lobbyists/employers with online registration?,Electronic Filing
HiredGuns,Q29,Does the oversight agency provide lobbyists/employers with online spending reporting?,Electronic Filing
HiredGuns,Q30,Does the oversight agency provide training about how to ﬁle registrations/spending reports electronically?,Electronic Filing
HiredGuns,Q31,Location/format of registrations or active lobbyist directory,Public Access
HiredGuns,Q32,Location/format of spending reports,Public Access
HiredGuns,Q33,Cost of copies,Public Access
HiredGuns,Q34,Are sample registration forms/spending reports available the Web?,Public Access
HiredGuns,Q35,Does the state agency provide an overall lobbying spending total by year?,Public Access
HiredGuns,Q36,Does the state agency provide an overall lobbying spending total by spending-report deadlines?,Public Access
HiredGuns,Q37,Does the state agency provide an overall lobbying spending total by industries lobbyists represent?,Public Access
HiredGuns,Q38,How often are lobby lists updated?,Public Access
HiredGuns,Q39,Does the state have statutory auditing authority?,Enforcement
HiredGuns,Q40,Does the state agency conduct mandatory reviews or audits?,Enforcement
HiredGuns,Q41,Is there a statutory penalty for late ﬁling of lobby registration form?,Enforcement
HiredGuns,Q42,Is there a statutory penalty for late ﬁling of a lobby spending report?,Enforcement
HiredGuns,Q43,When was a penalty for late ﬁling of a lobby spending report last levied?,Enforcement
HiredGuns,Q44,Is there a statutory penalty for incomplete ﬁling of a lobby registration form?,Enforcement
HiredGuns,Q45,Is there a statutory penalty for incomplete ﬁling of a lobby spending report?,Enforcement
HiredGuns,Q46,When was a penalty for incomplete ﬁling of a lobby spending report last levied?,Enforcement
HiredGuns,Q47,Does the state publish a list of delinquent ﬁlers either on the Web or in a printed document?,Enforcement
HiredGuns,Q48,"Is there a ""cooling off"" period required before legislators can register as lobbyists?",Revolving Door Provision
IBAC,rec3.a,"Legislation increases the transparency and accountability of lobbying activities in a way that includes, but is not limited to, the issues set out in (b)–(i)",Recommendation 3 preamble / general transparency
IBAC,rec3.b.i,"Define 'lobbying activity' in legislation in a way that captures any contact with government representatives (with reference to the Scottish approach) made in relation to government or parliamentary functions, and decision-making at the local government level","Definitions of lobbying activity, lobbyist, and government representative"
IBAC,rec3.b.ii,"Define 'lobbyist' in legislation in a way that focuses on the activity being undertaken, not persons in the business of lobbying","Definitions of lobbying activity, lobbyist, and government representative"
IBAC,rec3.b.iii,"Define 'government representative' in legislation to encompass all public officers who may be subject to lobbying activity, including members of parliament, electorate officers, councillors and council officers","Definitions of lobbying activity, lobbyist, and government representative"
IBAC,rec3.c.i.1,"When an MP initiates a meeting with a minister or their adviser, the MP must disclose to the responsible minister's office whether the MP has a private interest in the matter (with 'private interest' defined to include donations or other benefits provided by a person or entity who asked the MP to make representations)",Disclosure obligations for MP-initiated meetings with ministers
IBAC,rec3.c.i.2,"When an MP initiates a meeting with a minister or their adviser and has a private interest, the MP must disclose to the responsible minister's office the nature of that interest",Disclosure obligations for MP-initiated meetings with ministers
IBAC,rec3.c.i.3,"When an MP initiates a meeting with a minister or their adviser, the MP must disclose to the responsible minister's office the names of any persons or entities who have made representations to the MP requesting that they lobby the minister or their adviser (regardless of whether the MP has a private interest)",Disclosure obligations for MP-initiated meetings with ministers
IBAC,rec3.c.ii,"MPs initiating such meetings must maintain records of those disclosures in a form that is auditable and can be made available to appropriate entities, including the lobbying regulator",Disclosure obligations for MP-initiated meetings with ministers
IBAC,rec3.d.i,"Lobbyists must document the name and role of the government representative who has been lobbied, published via an easily accessible and searchable register",Lobbyist documentation of contacts (publicly searchable register)
IBAC,rec3.d.ii,"Lobbyists must document the subject of the lobbying and its purpose, published via an easily accessible and searchable register",Lobbyist documentation of contacts (publicly searchable register)
IBAC,rec3.d.iii,"Lobbyists must document the intended outcome of the lobbying communication, published via an easily accessible and searchable register",Lobbyist documentation of contacts (publicly searchable register)
IBAC,rec3.e.i,Mandate monthly publication of extracts or summaries of ministerial diaries and ministerial staff diaries capturing the date of the meeting or event,Ministerial-diary and ministerial-staff-diary publication
IBAC,rec3.e.ii,Mandate monthly publication of ministerial-diary and ministerial-staff-diary extracts capturing who attended,Ministerial-diary and ministerial-staff-diary publication
IBAC,rec3.e.iii,Mandate monthly publication of ministerial-diary and ministerial-staff-diary extracts capturing what interests they represented,Ministerial-diary and ministerial-staff-diary publication
IBAC,rec3.e.iv,Mandate monthly publication of ministerial-diary and ministerial-staff-diary extracts capturing the issues that were discussed at the meeting or event,Ministerial-diary and ministerial-staff-diary publication
IBAC,rec3.f.i,"Require creation and maintenance of records relating to requests to meet, any associated approvals, and formal meetings between a minister or their staff and any person lobbying them (with reference to Queensland, Scotland and Ireland)",Lobbyist–minister and lobbyist–ministerial-staff interactions
IBAC,rec3.f.ii,"Require inclusion in ministerial diaries and ministerial staff diaries of details of contacts with people undertaking lobbying activity, to support the monitoring and compliance activities of the lobbying regulator (with reference to NSW and Queensland)",Lobbyist–minister and lobbyist–ministerial-staff interactions
IBAC,rec3.f.iii,Require publication of a uniform Ministerial Staff Code of Conduct under legislation that obliges ministerial staff to comply with lobbying regulations,Lobbyist–minister and lobbyist–ministerial-staff interactions
IBAC,rec3.f.iv,Require training for ministerial advisers to raise awareness of risks associated with lobbyists,Lobbyist–minister and lobbyist–ministerial-staff interactions
IBAC,rec3.g.i,Require electorate officers to maintain records (with prescribed details) of contact with those undertaking lobbying activity; records must be auditable to support the monitoring and compliance activities of the lobbying regulator,Lobbyist–electorate-officer interactions
IBAC,rec3.g.ii,Require the Electorate Officers Code of Conduct to specify that electorate officers must comply with lobbying regulations,Lobbyist–electorate-officer interactions
IBAC,rec3.g.iii,Require training for electorate officers to raise awareness of risks associated with lobbyists,Lobbyist–electorate-officer interactions
IBAC,rec3.h,Prohibit success fees being given or promised to lobbyists in return for a certain outcome of any lobbying activity,Prohibition on success fees
IBAC,rec3.i,"Ensure that a lobbyist cannot lobby an elected official whose election they have supported directly or indirectly, for example through donations or in-kind support to a campaign",Cooling-off / separation between political support and lobbying
McKayWozniak,thesis.aspect_1.regulatory_weakness,Lobbying regulation in the UK is among the very weakest of countries that have developed lobbying disclosure laws.,Five-aspect thesis (Introduction)
McKayWozniak,thesis.aspect_2.register_meetings_mismatch,The set of lobby clients listed in the register is significantly different from the set of groups with whom ministerial offices report having met.,Five-aspect thesis (Introduction)
McKayWozniak,thesis.aspect_3.collation_burden,Collating information about ministerial meetings is too burdensome for any layperson to do.,Five-aspect thesis (Introduction)
McKayWozniak,thesis.aspect_4.legislative_debate_warned,The debate surrounding lobbying transparency as the law was being written made clear that the proposal was not robust enough.,Five-aspect thesis (Introduction)
McKayWozniak,thesis.aspect_5.skewed_access,"Lobbying clients meet more frequently with Government ministers than unregistered groups, and a small number of lobby clients dominate over the others.",Five-aspect thesis (Introduction)
McKayWozniak,usability.accuracy,"Accuracy (preciseness, factuality) of disclosed transparency data — does the disclosure offer policy-specific information rather than vague filler labels, and are organizational affiliations identified?",Usability of ministerial-meetings data (criteria 1 of 7)
McKayWozniak,usability.accessibility,"Accessibility of disclosed transparency data — is online access public and open, with no registration required, and are files downloadable?",Usability of ministerial-meetings data (criteria 2 of 7)
McKayWozniak,usability.completeness,"Completeness of disclosed transparency data — are all required reports filed, and do the data cover all relevant levels of officials and all departments?",Usability of ministerial-meetings data (criteria 3 of 7)
McKayWozniak,usability.understandability,"Understandability of disclosed transparency data — are reports written in non-technical language, avoiding uncommon acronyms?",Usability of ministerial-meetings data (criteria 4 of 7)
McKayWozniak,usability.timeliness,Timeliness of disclosed transparency data — are quarterly reports uploaded promptly after the close of the relevant quarter?,Usability of ministerial-meetings data (criteria 5 of 7)
McKayWozniak,usability.free_or_low_cost,"Free or low cost of access to disclosed transparency data — apart from acquisition costs and internet access fees, is the information free?",Usability of ministerial-meetings data (criteria 6 of 7)
McKayWozniak,usability.searchability,"Searchability of disclosed transparency data — does a complete, dedicated searchable database exist that supports comprehensive, comparative, and targeted queries?",Usability of ministerial-meetings data (criteria 7 of 7)
McKayWozniak,cpi.correction.threshold_for_registration,"Re-coding of CPI's ""minimum threshold for money spent"" item — UK lobby firms need not register if they do not have a VAT number (annual revenue ≥ £85,000); CPI gives 0 points if the threshold is higher than $500.",Re-application of CPI Hired Guns rubric to UK
McKayWozniak,cpi.correction.individual_lobbyists,"Re-coding of CPI's ""individual lobbyists must register"" item — only consultant lobbying firms must register, not the individuals who work for them, nor in-house lobbyists; CPI gives 0 points if individual lobbyists are not required to register.",Re-application of CPI Hired Guns rubric to UK
McKayWozniak,conclusion.critique_1.register_misses_majority,"The 5-year-old lobby register misses the majority of lobbying that occurs in London, especially lobbying by those firms and campaigning organizations that lobby on their own behalf; names, targets, and expenditures of lobbyists are not reported, no subject matter being discussed, and no limitations on gift-giving or revolving-door employment.",Four conclusion-level critiques
McKayWozniak,conclusion.critique_2.meetings_data_unusable,"The Government's published data about ministers' meetings with outside groups, touted as transparency, are almost totally unusable as provided; applying Piotrowski & Liao (2012) plus Holman & Luneburg (2012)'s searchability criterion, the usability of meetings data is low.",Four conclusion-level critiques
McKayWozniak,conclusion.critique_3.little_overlap_between_data_sets,Very little overlap between lobby register and ministerial meetings data — lobby register contains <4% of organizations known to have met with government ministries; meetings data contain no records for as many as 70% of clients known to have contracted with professional lobbying firms.,Four conclusion-level critiques
McKayWozniak,conclusion.critique_4.skewed_distribution,Tremendous skew in the distribution of ministers' meetings — majority of meetings held with just 10% of groups; more than a quarter of meetings with just 1% of groups.,Four conclusion-level critiques
Newmark2005,def_legislative_lobbying,legislative lobbying,definitions
Newmark2005,def_administrative_agency_lobbying,administrative agency lobbying,definitions
Newmark2005,def_elected_officials_as_lobbyists,elected officials as lobbyists,definitions
Newmark2005,def_public_employees_as_lobbyists,public employees as lobbyists,definitions
Newmark2005,def_compensation_standard,compensation standard,definitions
Newmark2005,def_expenditure_standard,expenditure standard,definitions
Newmark2005,def_time_standard,time standard,definitions
Newmark2005,freq_reporting_more_than_annual,frequency of reporting (more frequently than once per year),frequency of reporting
Newmark2005,prohib_campaign_contrib_any_time,campaign contributions at any time,prohibited activities
Newmark2005,prohib_campaign_contrib_during_session,campaign contributions during the legislative session,prohibited activities
Newmark2005,prohib_expenditures_over_threshold,expenditures in excess of a certain dollar amount per year,prohibited activities
Newmark2005,prohib_solicitation_by_officials,solicitation by officials or employees for contributions or gifts,prohibited activities
Newmark2005,disc_legislative_admin_action_to_influence,legislative/administrative action seeking to influence,disclosure requirements
Newmark2005,disc_expenditures_benefiting_officials,expenditures benefiting public officials or employees,disclosure requirements
Newmark2005,disc_compensation_by_employer,compensation received broken down by employers,disclosure requirements
Newmark2005,disc_total_compensation,total compensation received,disclosure requirements
Newmark2005,disc_categories_of_expenditures,categories of expenditures,disclosure requirements
Newmark2005,disc_total_expenditures,total expenditures,disclosure requirements
Newmark2017,def.legislative_lobbying,Legislative lobbying necessitates registering as a lobbyist,Definitions of lobbyists and registration requirements
Newmark2017,def.administrative_agency_lobbying,Administrative agency lobbying necessitates registering as a lobbyist,Definitions of lobbyists and registration requirements
Newmark2017,def.elective_officials_as_lobbyists,Elective officials are defined as lobbyists if engaged in lobbying-related behaviors,Definitions of lobbyists and registration requirements
Newmark2017,def.public_employees_as_lobbyists,Public employees are defined as lobbyists if engaged in lobbying-related behaviors,Definitions of lobbyists and registration requirements
Newmark2017,def.compensation_standard,Compensation standard for lobbyist status (state defines persons as lobbyists if they receive a certain amount of money in exchange for lobbying),Definitions of lobbyists and registration requirements
Newmark2017,def.expenditure_standard,Expenditure standard for lobbyist status (state defines persons as lobbyists if they spend a certain amount of money in lobbying),Definitions of lobbyists and registration requirements
Newmark2017,def.time_standard,Time standard for lobbyist status (state defines persons as lobbyists if they devote a certain amount of time in lobbying),Definitions of lobbyists and registration requirements
Newmark2017,prohib.contributions_anytime,Lobbyists prohibited from making campaign contributions at any time,Prohibited activities
Newmark2017,prohib.contributions_during_session,Lobbyists prohibited from making campaign contributions during legislative sessions,Prohibited activities
Newmark2017,prohib.solicitation_by_officials,Solicitation by officials or employees for contributions or gifts is prohibited,Prohibited activities
Newmark2017,prohib.contingent_compensation,Contingent compensation is prohibited (lobbyists receiving pay only on achieving a lobbying-related objective),Prohibited activities
Newmark2017,prohib.revolving_door,Revolving door restrictions (lawmakers prohibited from becoming lobbyists without a waiting period),Prohibited activities
Newmark2017,disclosure.influence_legislation_or_admin,Disclosure required: seeking to influence legislation or administrative action,Registration and reporting/disclosure requirements
Newmark2017,disclosure.expenditures_benefiting_officials,Disclosure required: expenditures benefiting public officials or employees,Registration and reporting/disclosure requirements
Newmark2017,disclosure.compensation_by_employer,Disclosure required: compensation received broken down by employer,Registration and reporting/disclosure requirements
Newmark2017,disclosure.total_compensation,Disclosure required: total compensation received,Registration and reporting/disclosure requirements
Newmark2017,disclosure.categories_of_expenditures,Disclosure required: categories of expenditures,Registration and reporting/disclosure requirements
Newmark2017,disclosure.total_expenditures,Disclosure required: total expenditures toward lobbying,Registration and reporting/disclosure requirements
Newmark2017,disclosure.contributions_from_others,Disclosure required: contributions received from others for lobbying purposes,Registration and reporting/disclosure requirements
OpenSecrets,lobbyist_client_disclosure,"Who is lobbying and who is paying for it (lobbyist and client identification, with separate registrations preferred)",1. Who is lobbying and who is paying for it?
OpenSecrets,lobbyist_compensation_disclosure,How much are lobbyists getting paid (compensation paid to lobbyists by clients),2. How much are lobbyists getting paid?
OpenSecrets,timely_disclosure,Is there timely disclosure (frequency/timing of lobbying activity reports),3. Is there timely disclosure?
OpenSecrets,public_availability_total,"How easily can the public access disclosed information (composite of three sub-facets, total 5 points)",4. How easily can the public access disclosed information?
OpenSecrets,public_avail_search,User-friendly search feature on state lobbying disclosure website,4. How easily can the public access disclosed information? (sub-facet a)
OpenSecrets,public_avail_downloads,Availability of downloadable data from the state lobbying disclosure website,4. How easily can the public access disclosed information? (sub-facet b)
OpenSecrets,public_avail_lists,Easily accessible lists of registered lobbyists and clients,4. How easily can the public access disclosed information? (sub-facet c)
Opheim,def.legislative_lobbying,legislative lobbying as a criterion for definition,Statutory definition of a lobbyist
Opheim,def.administrative_lobbying,administrative lobbying as a criterion for definition,Statutory definition of a lobbyist
Opheim,def.elective_officials,elective officials designated as lobbyists,Statutory definition of a lobbyist
Opheim,def.public_employees,public employees designated as lobbyists,Statutory definition of a lobbyist
Opheim,def.compensation_standard,specific compensation standard to delineate lobbying activity,Statutory definition of a lobbyist
Opheim,def.expenditure_standard,specific expenditure standard to delineate lobbying activity,Statutory definition of a lobbyist
Opheim,def.time_standard,specific time standard to delineate lobbying activity,Statutory definition of a lobbyist
Opheim,disclosure.frequency,Frequency of reporting required of lobbyists,Frequency and quality of disclosure
Opheim,disclosure.total_spending,lobbyist's total spending,Frequency and quality of disclosure
Opheim,disclosure.spending_by_category,spending by category,Frequency and quality of disclosure
Opheim,disclosure.expenditures_benefitting_public_employees,expenditures benefitting public employees including gifts,Frequency and quality of disclosure
Opheim,disclosure.legislation_supported_or_opposed,legislation approved or opposed by the lobbyist,Frequency and quality of disclosure
Opheim,disclosure.sources_of_income,sources of income,Frequency and quality of disclosure
Opheim,disclosure.total_income,total income,Frequency and quality of disclosure
Opheim,disclosure.other_influence_peddling_or_conflict_of_interest,other activities that might constitute influence peddling or conflict of interest,Frequency and quality of disclosure
Opheim,enforce.thoroughness_of_reviews,thoroughness of reviews of lobby reports by oversight agency,Oversight and enforcement of regulations
Opheim,enforce.subpoena_witnesses,whether the agency may subpoena witnesses,Oversight and enforcement of regulations
Opheim,enforce.subpoena_records,subpoena records,Oversight and enforcement of regulations
Opheim,enforce.conduct_administrative_hearings,conduct administrative hearings,Oversight and enforcement of regulations
Opheim,enforce.impose_administrative_fines,impose administrative fines,Oversight and enforcement of regulations
Opheim,enforce.impose_administrative_penalties,impose administrative penalties,Oversight and enforcement of regulations
Opheim,enforce.file_independent_court_actions,file independent court actions,Oversight and enforcement of regulations
SOMO,aspect.1,Transparency: are the Ministry and banks transparent enough to protect citizens' right to know?,ASSESSMENT ASPECTS (chapter framing)
SOMO,aspect.2,Openness to citizen input: are there sufficient opportunities for citizens to provide input into the financial legislative process to protect their right to be heard?,ASSESSMENT ASPECTS (chapter framing)
SOMO,aspect.3,"Equality of access: how is bank lobbying organised, does it result in privileged access and undue influence, and is there equality of access for citizens and civil society?",ASSESSMENT ASPECTS (chapter framing)
SOMO,aspect.4,"Balance and public interest: how are citizen interests and financial-sector interests weighed, and is the public interest protected?",ASSESSMENT ASPECTS (chapter framing)
SOMO,aspect.5,"Accountability: is there information and debate about ministerial decisions, and how accountable are the banks for their lobbying positions and activities?",ASSESSMENT ASPECTS (chapter framing)
SOMO,gov.binding.1,Legally binding regulations should be introduced by national law to ensure equity among different stakeholders and citizens.,GOV > Legally binding regulations
SOMO,gov.binding.2,Creation of a mandatory Transparency Register with a code of conduct.,GOV > Legally binding regulations
SOMO,gov.binding.3,Implementation of a comprehensive legislative footprint (lobby paragraaf).,GOV > Legally binding regulations
SOMO,gov.binding.4,Establishing guidelines for all civil servants and ministers on dealing with lobbyists.,GOV > Legally binding regulations
SOMO,gov.binding.5,Transparency about Ministers' official diary.,GOV > Legally binding regulations
SOMO,gov.binding.6,Guidance for improving the balanced weighing of different interests with special attention to the public interest and the interests of citizens.,GOV > Legally binding regulations
SOMO,gov.righttoknow.footprint.1,"Mandatory comprehensive legislative footprint included in the Memorie van Toelichting accompanying the official internet consultation, clarifying external inputs received before consultation.",GOV > Be transparent (right to know)
SOMO,gov.righttoknow.footprint.2,"Footprint is comprehensive when sent to Parliament with policy papers / final legislative proposals, covering all formal and informal inputs (not only consultation responses).",GOV > Be transparent (right to know)
SOMO,gov.righttoknow.footprint.3,"Footprint explains how the Ministry has taken into account all formal and informal interactions and how the range of interests were balanced, including underrepresented interests.",GOV > Be transparent (right to know)
SOMO,gov.righttoknow.footprint.4,Footprint based on renewed legislative drafting guidelines (aanwijzingen) ensuring fullest possible transparency without compromising whistle-blower access.,GOV > Be transparent (right to know)
SOMO,gov.righttoknow.announce.1,"Public announcements about legislation as it is being developed (e.g. dedicated webpage with summary, monthly-updated list of external inputs received, links to consultation submissions) — a 'living legislative footprint'.",GOV > Be transparent (right to know)
SOMO,gov.righttoknow.diary.1,"Decision-makers (Ministers, Deputy Ministers, Director-Generals, senior officials) publish diaries that announce as many meetings/events as possible a week ahead.",GOV > Be transparent (right to know)
SOMO,gov.righttoknow.diary.2,"Maintain a detailed website archive of professional meetings/events with external parties, recording date, organisation/individuals attending, subjects covered, documents received before/during/after, location, links to speeches, and use of social media.",GOV > Be transparent (right to know)
SOMO,gov.righttobeheard.consult.1,Improve public internet consultations by including questions accessible and comprehensible to citizens and non-profit organisations.,GOV > Protect the right to be heard
SOMO,gov.righttobeheard.consult.2,"Consultation questions address the aim and desired effect of legislation, not only technicalities.",GOV > Protect the right to be heard
SOMO,gov.righttobeheard.consult.3,"Widespread and targeted publicity of consultations to reach diverse potential interest groups, with resources allocated for outreach.",GOV > Protect the right to be heard
SOMO,gov.righttobeheard.access.1,Information about upcoming legislation is easier for citizens to find.,GOV > Protect the right to be heard
SOMO,gov.righttobeheard.access.2,Ministry is more accessible for citizens to ask questions about upcoming legislation.,GOV > Protect the right to be heard
SOMO,gov.righttobeheard.access.3,More interactive channels for citizens to give input.,GOV > Protect the right to be heard
SOMO,gov.righttobeheard.access.4,Dedicated staff (e.g. Ministry spokesperson) for relations with non-financial stakeholders and citizens.,GOV > Protect the right to be heard
SOMO,gov.integrity.register.1,Mandatory comprehensive Transparency Register used jointly by ministries and parliament; non-subscribers may not lobby officials (waivers for occasional visits and citizens).,GOV > Protect integrity of legislative process
SOMO,gov.integrity.register.2,Subscribers automatically subscribe to a code of conduct defined by government in consultation with stakeholders.,GOV > Protect integrity of legislative process
SOMO,gov.integrity.register.3,"Register includes details of all in-house and external lobbyists, voluntary lobby codes covering them, parliamentary pass holders, focus issues, estimated lobbying costs (staff, housing, travel, office, association membership fees), and individuals with legal/management responsibility for lobbying positions.",GOV > Protect integrity of legislative process
SOMO,gov.integrity.register.4,"Companies and organisations update their details annually, including a short overview of lobbying activities undertaken at Dutch level during the previous year.",GOV > Protect integrity of legislative process
SOMO,gov.integrity.register.5,Register should not obstruct easy access by citizens and small organisations or companies to policy makers.,GOV > Protect integrity of legislative process
SOMO,gov.integrity.register.6,Register implementation monitored by an independent and well-resourced authority (inspired by Canadian practice).,GOV > Protect integrity of legislative process
SOMO,gov.integrity.coc.1,"Adapt the integrity code of conduct (Gedragscode Integriteit Rijk 2015) to add new guidelines on dealing with lobbyists, including clear standards/procedures for communications, how meetings are agreed and organised with clarity about topics.",GOV > Protect integrity of legislative process
SOMO,gov.integrity.coc.2,Establishment of a registration mechanism for meetings conducted with lobbyists; record can feed the legislative footprint.,GOV > Protect integrity of legislative process
SOMO,gov.integrity.coc.3,Definition of lobbying that makes clear to civil servants the different ways undue influence can be exerted.,GOV > Protect integrity of legislative process
SOMO,gov.integrity.coc.4,Guidance on guaranteeing diversity among stakeholders and experts (including civil society) and on organising stakeholder meeting invitations.,GOV > Protect integrity of legislative process
SOMO,gov.weighing.1,"Identification of diverse stakeholders affected by each legislative proposal and improved impact-assessment of proposals on citizens and non-profit interests, developed in the Memorie van Toelichting guidelines.",GOV > Public interest weighed fairly
SOMO,gov.weighing.2,Clarify the benefits and risks of legislation to the public interest.,GOV > Public interest weighed fairly
SOMO,gov.weighing.3,"Sufficient human resources to process diverse inputs and consultation responses, so responses do not delay or undermine legislation.",GOV > Public interest weighed fairly
SOMO,gov.weighing.4,"Clear and practical guidelines on balancing inputs from different stakeholders, e.g. to avoid the interest group with the most consultation responses dominating.",GOV > Public interest weighed fairly
SOMO,gov.weighing.5,Memorie van Toelichting sent to Parliament explains how all formal and informal inputs were assessed and how underrepresented interests were considered.,GOV > Public interest weighed fairly
SOMO,gov.weighing.6,"Civil servants and policy makers ask industry-association representatives which members support a presented position, lobby paper, or consultation response, to avoid capture by a small subset of members.",GOV > Public interest weighed fairly
SOMO,gov.accountability.1,"Improved Memorie van Toelichting and comprehensive legislative footprint, mandatory transparency register, openness to citizens, up-to-date BNC-fiche, and improved weighing of interests should support parliamentary, media and civil-society debate about ministerial choices and clarify how the public interest was taken into account, who is impacted, and whether weighing favoured a particular stakeholder.",GOV > Accountability
SOMO,mof.transp.diary.1,"Publish a comprehensive Minister of Finance diary including meetings with external parties (inside and outside the Ministry), topics discussed (e.g. specific legislative proposal), and attendees at agreed meetings (excluding events / large meetings).",MOF > Comprehensive transparency policy
SOMO,mof.transp.eu.1,"Publish on a Ministry-of-Finance webpage a list of all current EU legislative processes in which the Minister co-decides, with links to BNC-fiche, EC consultation, EP, and ECOFIN sites.",MOF > Comprehensive transparency policy
SOMO,mof.transp.eu.2,"BNC-fiche starts with a short, easy-to-understand summary for non-experts.",MOF > Comprehensive transparency policy
SOMO,mof.transp.eu.3,BNC-fiche regularly updated to reflect changes in the Minister's position or compromises reached at ECOFIN.,MOF > Comprehensive transparency policy
SOMO,mof.transp.eu.4,Public official internet consultations are organised in due time about EU financial legislative proposals and the Minister's position on them.,MOF > Comprehensive transparency policy
SOMO,mof.access.consult.1,Public consultations announced on the Ministry's home page.,MOF > Better access for stakeholders
SOMO,mof.access.consult.2,"Use a range of means to attract responses from academics, stakeholders and citizens.",MOF > Better access for stakeholders
SOMO,mof.access.consult.3,Memorie van Toelichting includes details of external contacts made by the Ministry prior to website consultation.,MOF > Better access for stakeholders
SOMO,mof.access.capacity.1,"Increase in-house capacity / human resources to identify and attract diverse non-financial interests into the decision-making process, implementing the new external-contacts guidelines (opletpunt, brede blik).",MOF > Better access for stakeholders
SOMO,mof.weighing.1,"Analyse the balance of interests and powers (krachtenveldanalyse) represented in consultation responses, expert and consultation meetings, ministerial meetings, and other inputs; pro-actively search for missing stakeholder views and public-interest positions when imbalance is detected.",MOF > Ensure all interests are weighed seriously
SOMO,mof.weighing.2,"Develop and improve impact and risk analysis of potential financial legislation on social, environmental, citizens', and public interests, included in renewed Memorie van Toelichting guidelines.",MOF > Ensure all interests are weighed seriously
SOMO,bank.public.activities.1,"Bank gives details of all legislative proposals on which it has been active, either directly or indirectly via industry associations.",BANK > Public information about lobbying
SOMO,bank.public.activities.2,"Bank gives details of lobbying activities on its website under easy-to-understand headings, with an easy-to-read short overview (position, legislators approached, main activities).",BANK > Public information about lobbying
SOMO,bank.public.activities.3,Bank defines what it means by the term 'lobbying'.,BANK > Public information about lobbying
SOMO,bank.public.papers.1,Publish all lobby papers and consultation responses; make them easy to find on the website.,BANK > Public information about lobbying
SOMO,bank.public.papers.2,"List significant issues covered in consultation submissions with a link to a short summary, plus all related submissions and position papers, preferably with details of relevant lobbying activities.",BANK > Public information about lobbying
SOMO,bank.public.assoc.1,Publish all memberships of financial industry associations in the annual report (even inactive memberships); refer in the GRI G4-16 index to the exact webpage where memberships are listed.,BANK > Public information about lobbying
SOMO,bank.public.assoc.2,Submit a complete list of memberships to the EU Transparency Register and any future Dutch transparency register.,BANK > Public information about lobbying
SOMO,bank.public.assoc.3,Ensure overview of memberships is available to all bank staff and provide management board with information on each industry association's lobbying position.,BANK > Public information about lobbying
SOMO,bank.public.assoc.4,"Publish information about the bank's level of engagement with each association (board member, working groups, committees, etc.).",BANK > Public information about lobbying
SOMO,bank.public.budget.1,"Personnel budget and operating costs for the unit/department that lobbies and/or develops the bank's position, including external lobbyists.",BANK > Public information about lobbying
SOMO,bank.public.budget.2,Costs of membership of all financial industry organisations that represent or lobby on behalf of the bank (regardless of active involvement).,BANK > Public information about lobbying
SOMO,bank.public.budget.3,Cost of membership of lobby industry associations (public-affairs associations) to which in-house lobbyists belong as members.,BANK > Public information about lobbying
SOMO,bank.public.budget.4,Estimated costs of activities by bank representatives (from experts to management-board members) in relation to contact with legislative authorities.,BANK > Public information about lobbying
SOMO,bank.integrity.1,"Develop a code of conduct for those involved in lobbying, expertise sharing and representation, potentially incorporated into the Dutch bankers' oath; otherwise ensure all are subject to (preferably mandatory or statutory) codes of conduct.",BANK > Integrity of bank interactions
SOMO,bank.integrity.2,"Lobbying treated as a corporate-responsibility issue: all lobbying must be in line with the bank's sustainability statements/goals, with explanation when not.",BANK > Integrity of bank interactions
SOMO,bank.integrity.3,Industry associations to which banks belong have strong codes of conduct for those who lobby on their behalf.,BANK > Integrity of bank interactions
SOMO,bank.integrity.4,Disclose the names of the lobbyists who represent the bank at public institutions.,BANK > Integrity of bank interactions
SOMO,bank.policy.1,"Comprehensive lobbying policy with guidelines covering transparency (positions, activities, costs, memberships).",BANK > Comprehensive policy on lobbying
SOMO,bank.policy.2,Comprehensive lobbying policy covers integrity (which codes of conduct are followed).,BANK > Comprehensive policy on lobbying
SOMO,bank.policy.3,"Comprehensive lobbying policy covers CSR (no contradiction with sustainability objectives, no harm to society and public interest).",BANK > Comprehensive policy on lobbying
SOMO,bank.policy.4,Comprehensive lobbying policy covers coordination and supervision of all lobbying positions.,BANK > Comprehensive policy on lobbying
SOMO,bank.policy.5,"Comprehensive lobbying policy defines who is finally responsible and accountable for lobbying positions and activities, and (if appropriate) for redressing excessive or undue behaviour.",BANK > Comprehensive policy on lobbying
SOMO,bank.policy.6,"Comprehensive lobbying policy covers level of engagement in, and responsibility for, positions and lobbying activities of financial industry associations, to avoid abuses of representation and excessive lobbying.",BANK > Comprehensive policy on lobbying
Sunlight,lobbyist_activity,Lobbyist Activity,Lobbyist Activity
Sunlight,expenditure_transparency,Expenditure Transparency,Expenditure Transparency
Sunlight,expenditure_reporting_thresholds,Expenditure Reporting Thresholds,Expenditure Reporting Thresholds
Sunlight,document_accessibility,Document Accessibility,Document Accessibility
Sunlight,lobbyist_compensation,Lobbyist Compensation,Lobbyist Compensation
TI_2016,criterion.1,"Data must be accessible: free to use and reuse, published in a timely manner and easily found.",OPEN-DATA CRITERIA
TI_2016,criterion.2,Data must be accurate: complete and reflective of reality.,OPEN-DATA CRITERIA
TI_2016,criterion.3,"Data must be intelligible: structured in a way that can be analysed (e.g. clear and consistent columns, values and formats).",OPEN-DATA CRITERIA
TI_2016,criterion.4,Data must be meaningful: useful for the user.,OPEN-DATA CRITERIA
TI_2016,avail.mep.1,MEP declarations must include occupation or membership of the parliamentarian.,DATA AVAILABILITY > MEPs' Financial Interests
TI_2016,avail.mep.2,MEP declarations must include other mandates held by the parliamentarian.,DATA AVAILABILITY > MEPs' Financial Interests
TI_2016,avail.mep.3,MEP declarations must include membership or activity of the parliamentarian.,DATA AVAILABILITY > MEPs' Financial Interests
TI_2016,avail.mep.4,"MEP declarations must include occasional activity if total remuneration exceeds €5,000 in a calendar year.",DATA AVAILABILITY > MEPs' Financial Interests
TI_2016,avail.mep.5,MEP declarations must include holdings or partnerships with potential public policy implications.,DATA AVAILABILITY > MEPs' Financial Interests
TI_2016,avail.mep.6,MEP declarations must include other financial interests of the parliamentarian.,DATA AVAILABILITY > MEPs' Financial Interests
TI_2016,avail.tr.1,"Transparency Register entry must include registrant's key characteristics (e.g. address of headquarter and Brussels office, names of people with legal responsibility, name of person in charge for EU affairs).",DATA AVAILABILITY > Transparency Register
TI_2016,avail.tr.2,Transparency Register entry must include goals/remit of lobbying activities.,DATA AVAILABILITY > Transparency Register
TI_2016,avail.tr.3,Transparency Register entry must include specific activities and EU initiatives covered by the register.,DATA AVAILABILITY > Transparency Register
TI_2016,avail.tr.4,Transparency Register entry must include number of persons and full-time equivalents involved in the lobbying activities.,DATA AVAILABILITY > Transparency Register
TI_2016,avail.tr.5,Transparency Register entry must include names of persons accredited for access to EP premises.,DATA AVAILABILITY > Transparency Register
TI_2016,avail.tr.6,Transparency Register entry must include membership and affiliation of the registrant.,DATA AVAILABILITY > Transparency Register
TI_2016,avail.tr.7,Transparency Register entry must include estimated lobby expenses of the registrant.,DATA AVAILABILITY > Transparency Register
TI_2016,avail.tr.8,Transparency Register entry must include grants received from EU institutions by the registrant.,DATA AVAILABILITY > Transparency Register
TI_2016,avail.tr.9,Transparency Register entry must include financial data on the registrant.,DATA AVAILABILITY > Transparency Register
TI_2016,avail.mtg.1,Lobby meeting record must include the date of the meeting.,DATA AVAILABILITY > Lobby Meetings
TI_2016,avail.mtg.2,Lobby meeting record must include the location of the meeting.,DATA AVAILABILITY > Lobby Meetings
TI_2016,avail.mtg.3,Lobby meeting record must include the entity or entities met.,DATA AVAILABILITY > Lobby Meetings
TI_2016,avail.mtg.4,Lobby meeting record must include the subject(s) of the meeting.,DATA AVAILABILITY > Lobby Meetings
TI_2016,qual.mep.openness,"MEP financial-interest declarations should be downloadable in a central, open, machine-readable format on a single hub, rather than scattered as PDFs on 751 separate MEP web pages.",DATA QUALITY > MEPs' Financial Interests > Level of Openness
TI_2016,qual.mep.dataquality,"MEP financial-interest declarations should have good scope, up-to-date information, standardised entries (consistent languages and formats), and reliable completeness/accuracy.",DATA QUALITY > MEPs' Financial Interests > Data Quality
TI_2016,qual.mep.improve,MEP declaration improvements: increase data quality and degree of detail; publish in open-data format; publish on a centralised data hub; make information searchable and rankable.,DATA QUALITY > MEPs' Financial Interests > Areas for Improvement
TI_2016,qual.tr.openness,"Transparency Register should sit on one central hub linked to the EU data portal, downloadable in XLS/HTML format, with retrievable up-to-date version.",DATA QUALITY > Transparency Register > Level of Openness
TI_2016,qual.tr.dataquality,"Transparency Register should have good scope (wide range of indicators), strong standardisation across languages/free-text categories, and high quality of entries (avoiding incomplete, inaccurate, misleading or incorrect entries).",DATA QUALITY > Transparency Register > Data Quality
TI_2016,qual.tr.improve,"Transparency Register improvements: include systematic checks of entries; improve registration form to include basic plausibility checks; allow for rankings and better data visualisation; better integrate other databases (e.g. lobby meetings, expert group register).",DATA QUALITY > Transparency Register > Areas for Improvement
TI_2016,qual.mtg.openness,"Lobby meetings should be downloadable in an open, machine-readable format from a centralised hub, not scattered across 98 different web sites.",DATA QUALITY > Lobby Meetings > Level of Openness
TI_2016,qual.mtg.dataquality,"Lobby meetings data should have full scope, timely publication, standardised entries (languages and detail), and high quality of entries.",DATA QUALITY > Lobby Meetings > Data Quality
TI_2016,qual.mtg.improve,Lobby meetings improvements: broaden scope to cover all relevant actors; increase data quality; publish data on a centralised data hub; provide a smart search function; link data to the Transparency Register.,DATA QUALITY > Lobby Meetings > Areas for Improvement
TI_2016,rec.eu.1,"The European Union should publish more detailed and standardised information on MEP declarations in machine-readable formats and through a centralised, searchable site.",NEXT STEPS / RECOMMENDATIONS TO EU
TI_2016,rec.eu.2,The European Union should eliminate restrictions on the use and reuse of data.,NEXT STEPS / RECOMMENDATIONS TO EU
TI_2016,rec.eu.3,The European Union should revise the financial thresholds in the declarations to allow for more accurate reporting.,NEXT STEPS / RECOMMENDATIONS TO EU
TI_2016,rec.eu.4,The European Union should translate all declarations into all official EU languages.,NEXT STEPS / RECOMMENDATIONS TO EU
TI_2016,rec.eu.5,The European Union should cross-check and validate declarations to make sure that they are plausible and accurate.,NEXT STEPS / RECOMMENDATIONS TO EU
TI_2016,rec.eu.6,"The European Union should move toward ""live exporting"" and real-time, automated updating of information from the Transparency Register, including the use of an API.",NEXT STEPS / RECOMMENDATIONS TO EU
