column	flag	jurisdiction	n_matched	offset_px	raw	scan_page	table
	scan_offset_applied		21	8.2		159	28
def_legislative_parliamentary	unknown_marker	Alabama			%	159	28
def_administrative_agency	unknown_marker	Alabama			#	159	28
def_public_employees_as_lobbyists	unknown_marker	Alabama			=	159	28
def_compensation_standard	unknown_marker	Alabama			=	159	28
def_expenditure_standard	unknown_marker	Alabama			=	159	28
def_time_standard	unknown_marker	Alabama			=	159	28
reg_other	unknown_marker	Alabama			=	159	28
prohibit_other	unknown_marker	Alabama			fa)	159	28
def_administrative_agency	unknown_marker	Alaska			8	159	28
def_elective_officials_as_lobbyists	unknown_marker	Alaska			2	159	28
def_compensation_standard	unknown_marker	Alaska			=	159	28
reg_actual_contact_with_state_officials	unknown_marker	Alaska			‘8	159	28
def_time_standard	unknown_marker	Arkansas			=	159	28
reg_employing_individuals_with_actual_contact	unknown_marker	Arkansas			8	159	28
reg_public_officials_lobbying_in_official_capacity	unknown_marker	Arkansas			=	159	28
reg_other	unknown_marker	Arkansas			=	159	28
prohibit_expenditures_over_threshold	unknown_marker	Arkansas			10	159	28
prohibit_other	unknown_marker	Arkansas			{ss}	159	28
reg_other	unknown_marker	California			=	159	28
prohibit_expenditures_over_threshold	unknown_marker	California			(b)	159	28
def_administrative_agency	unknown_marker	Connecticut			.	159	28
def_public_employees_as_lobbyists	unknown_marker	Connecticut			~	159	28
def_compensation_standard	unknown_marker	Connecticut			.	159	28
def_expenditure_standard	unknown_marker	Connecticut			.	159	28
reg_other	unknown_marker	Connecticut			(a)	159	28
def_compensation_standard	unknown_marker	Florida			~	159	28
def_legislative_parliamentary	unknown_marker	Hawaii			.	159	28
def_administrative_agency	unknown_marker	Hawaii			.	159	28
def_compensation_standard	unknown_marker	Hawaii			.	159	28
def_expenditure_standard	unknown_marker	Hawaii			.	159	28
reg_other	unknown_marker	Hawaii			=	159	28
prohibit_solicitation_for_officials	unknown_marker	Hawaii			.	159	28
prohibit_contingent_compensation	unknown_marker	Hawaii			*.	159	28
def_elective_officials_as_lobbyists	unknown_marker	Indiana			=	159	28
def_public_employees_as_lobbyists	unknown_marker	Indiana			=F	159	28
reg_other	unknown_marker	Indiana			=	159	28
prohibit_solicitation_for_officials	unknown_marker	Indiana			{g)	159	28
reg_public_officials_lobbying_in_official_capacity	unknown_marker	Kansas			=	159	28
reg_other	unknown_marker	Kansas			=	159	28
reg_public_officials_lobbying_in_official_capacity	unknown_marker	Louisiana			=	159	28
reg_other	unknown_marker	Louisiana			=	159	28
prohibit_campaign_contribs_any_time	unknown_marker	Louisiana			Annual	159	28
prohibit_contingent_compensation	unknown_marker	Louisiana			~-	159	28
reg_other	unknown_marker	Maine			-~	159	28
def_legislative_parliamentary	unknown_marker	Maryland			.	159	28
reg_other	unknown_marker	Maryland			{j)	159	28
prohibit_campaign_contribs_any_time	unknown_marker	Maryland			Annual —-	159	28
prohibit_contingent_compensation	unknown_marker	Maryland			.	159	28
def_compensation_standard	unknown_marker	Massachusetts			‘	159	28
reg_employing_individuals_with_actual_contact	unknown_marker	Michigan			8	159	28
prohibit_other	unknown_marker	Michigan			(p) @)	159	28
def_legislative_parliamentary	unknown_marker	Minnesota			,	159	28
def_administrative_agency	unknown_marker	Minnesota			.	159	28
def_time_standard	unknown_marker	Minnesota			‘	159	28
reg_public_officials_lobbying_in_official_capacity	unknown_marker	Minnesota			—-	159	28
reg_other	unknown_marker	Minnesota			{m)	159	28
def_legislative_parliamentary	unknown_marker	Mississippi			.	159	28
reg_other	unknown_marker	Mississippi			(q)	159	28
prohibit_campaign_contribs_any_time	unknown_marker	Mississippi			yr.	159	28
def_public_employees_as_lobbyists	unknown_marker	Montana			*.	159	28
def_expenditure_standard	unknown_marker	Montana			.	159	28
reg_public_officials_lobbying_in_official_capacity	unknown_marker	Montana			(ff)	159	28
reg_other	unknown_marker	Montana			=	159	28
prohibit_solicitation_for_officials	unknown_marker	Montana			.	159	28
def_legislative_parliamentary	unknown_marker	Nebraska			3 .	159	28
reg_actual_contact_with_state_officials	unknown_marker	Nebraska			+	159	28
prohibit_other	unknown_marker	Nebraska			(vy) (t)	159	28
reg_public_officials_lobbying_in_official_capacity	unknown_marker	Nevada			=	159	28
reg_other	unknown_marker	Nevada			=	159	28
reg_public_officials_lobbying_in_official_capacity	unknown_marker	New Hampshire			=	159	28
reg_other	unknown_marker	New Hampshire			=	159	28
	scan_offset_applied		21	1.2		160	28
reg_other	unknown_marker	District of Columbia			(qq)	160	28
prohibit_campaign_contribs_any_time	unknown_marker	District of Columbia			Annual	160	28
prohibit_contingent_compensation	unknown_marker	District of Columbia			(rr)	160	28
def_elective_officials_as_lobbyists	unknown_marker	New Jersey			—-	160	28
def_public_employees_as_lobbyists	unknown_marker	New Jersey			—_	160	28
reg_public_officials_lobbying_in_official_capacity	unknown_marker	New Jersey			-~	160	28
reg_other	unknown_marker	New Jersey			—_	160	28
reg_public_officials_lobbying_in_official_capacity	unknown_marker	New York			=	160	28
reg_other	unknown_marker	New York			=	160	28
prohibit_campaign_contribs_any_time	unknown_marker	New York			Annual —-	160	28
def_public_employees_as_lobbyists	unknown_marker	North Carolina			(y)	160	28
reg_public_officials_lobbying_in_official_capacity	unknown_marker	North Carolina			=	160	28
reg_other	unknown_marker	North Carolina			(x)	160	28
prohibit_other	unknown_marker	North Carolina			(aa)	160	28
def_elective_officials_as_lobbyists	unknown_marker	North Dakota			‘	160	28
def_expenditure_standard	unknown_marker	North Dakota			~	160	28
reg_employing_individuals_with_actual_contact	unknown_marker	Oklahoma			=	160	28
reg_public_officials_lobbying_in_official_capacity	unknown_marker	Oklahoma			=	160	28
reg_other	unknown_marker	Oklahoma			=	160	28
prohibit_other	unknown_marker	Oklahoma			(bb)	160	28
def_legislative_parliamentary	unknown_marker	Oregon			.	160	28
reg_employing_individuals_with_actual_contact	unknown_marker	Oregon			(cc)	160	28
reg_other	unknown_marker	Oregon			(dd)	160	28
prohibit_campaign_contribs_during_session	unknown_marker	Oregon			(gg)	160	28
prohibit_solicitation_for_officials	unknown_marker	Oregon			(hh)	160	28
prohibit_campaign_contribs_any_time	unknown_marker	South Dakota			Annual	160	28
prohibit_solicitation_for_officials	unknown_marker	South Dakota			~	160	28
def_elective_officials_as_lobbyists	unknown_marker	Tennessee			ad)	160	28
reg_employing_individuals_with_actual_contact	unknown_marker	Tennessee			=	160	28
prohibit_campaign_contribs_any_time	unknown_marker	Tennessee			Annual —-	160	28
prohibit_solicitation_for_officials	unknown_marker	Tennessee			fii)	160	28
prohibit_other	unknown_marker	Tennessee			Gj	160	28
reg_other	unknown_marker	Texas			(kk)	160	28
prohibit_campaign_contribs_any_time	unknown_marker	Texas			—-	160	28
prohibit_contingent_compensation	unknown_marker	Texas			(nn)	160	28
def_legislative_parliamentary	unknown_marker	Utah			.	160	28
def_administrative_agency	unknown_marker	Utah			*.	160	28
prohibit_campaign_contribs_any_time	unknown_marker	Utah			Biennial —-	160	28
reg_employing_individuals_with_actual_contact	unknown_marker	Vermont			f	160	28
reg_public_officials_lobbying_in_official_capacity	unknown_marker	Vermont			=	160	28
prohibit_campaign_contribs_any_time	unknown_marker	Vermont			Annual	160	28
prohibit_contingent_compensation	unknown_marker	Vermont			(pp)	160	28
def_legislative_parliamentary	unknown_marker	Virginia			.	160	28
def_compensation_standard	unknown_marker	Virginia			‘	160	28
def_expenditure_standard	unknown_marker	Virginia			.	160	28
prohibit_solicitation_for_officials	unknown_marker	Virginia			~	160	28
reg_other	unknown_marker	Washington			=	160	28
def_compensation_standard	unknown_marker	West Virginia			‘	160	28
reg_actual_contact_with_state_officials	unknown_marker	West Virginia			.	160	28
prohibit_campaign_contribs_any_time	unknown_marker	West Virginia			~=Biennial —-	160	28
def_legislative_parliamentary	unknown_marker	Wisconsin			.	160	28
def_administrative_agency	unknown_marker	Wisconsin			.	160	28
def_public_employees_as_lobbyists	unknown_marker	Wisconsin			‘	160	28
def_legislative_parliamentary	unknown_marker	Wyoming			District .	160	28
def_expenditure_standard	unknown_marker	Wyoming			.	160	28
reg_employing_individuals_with_actual_contact	unknown_marker	Wyoming			.	160	28
prohibit_campaign_contribs_during_session	unknown_marker	Wyoming			~	160	28
prohibit_solicitation_for_officials	unknown_marker	Wyoming			~	160	28
file_employing_with_actual_contact	unknown_marker	Alaska			,	163	29
disclose_expenditures_benefiting_officials	unknown_marker	Arkansas			.	163	29
disclose_categories_of_expenditures	unknown_marker	Arkansas			.	163	29
disclose_expenditures_benefiting_officials	unknown_marker	California			.	163	29
file_compensated_with_actual_contact	unknown_marker	Connecticut			e 5 (a)	163	29
file_employing_with_contact_over_threshold	unknown_marker	Connecticut			(a)	163	29
file_other	unknown_marker	Connecticut			sion;	163	29
file_employing_with_actual_contact	unknown_marker	Hawaii			.	163	29
file_other	unknown_marker	Idaho			(d) nually	163	29
file_compensated_with_actual_contact	unknown_marker	Indiana			8 ‘	163	29
file_other	unknown_marker	Indiana			(e)	163	29
	scan_offset_applied		15	-9.1		164	29
disclose_other	unknown_marker	Kansas			(i)	164	29
disclose_other	unknown_marker	Louisiana			(i)	164	29
file_other	unknown_marker	Maryland			(k)	164	29
disclose_categories_of_expenditures	unknown_marker	Michigan			(k)	164	29
disclose_other	unknown_marker	Michigan			(1)	164	29
file_employing_with_contact_over_threshold	unknown_marker	Minnesota			,	164	29
file_other	unknown_marker	Minnesota			(m)	164	29
file_other	unknown_marker	Mississippi			(o) end	164	29
disclose_categories_of_expenditures	unknown_marker	Mississippi			.	164	29
	scan_offset_applied		15	1.5		165	29
disclose_contributions_for_lobbying	unknown_marker	Montana			(r)	165	29
disclose_other	unknown_marker	Nebraska			{u) (v)	165	29
disclose_total_expenditures	unknown_marker	Nevada			_—	165	29
file_other	unknown_marker	New Hampshire			(w)	165	29
disclose_other	unknown_marker	New Hampshire			(x)	165	29
file_compensated_with_actual_contact	unknown_marker	North Carolina			= (y)	165	29
file_employing_with_actual_contact	unknown_marker	North Carolina			(z)	165	29
disclose_compensation_by_employer	unknown_marker	North Carolina			(aa)	165	29
disclose_categories_of_expenditures	unknown_marker	North Dakota			—_	165	29
disclose_other	unknown_marker	North Dakota			(bb)	165	29
	scan_offset_applied		15	-13.4		166	29
disclose_other	unknown_marker	Oklahoma			(cc)	166	29
file_other	unknown_marker	Oregon			(dd) (ee)	166	29
disclose_compensation_by_employer	unknown_marker	Oregon			(ff)	166	29
disclose_expenditures_benefiting_officials	unknown_marker	Tennessee			(gg)	166	29
disclose_other	unknown_marker	Tennessee			(hh)	166	29
file_other	unknown_marker	Texas			(ii) during ly	166	29
disclose_legislation_admin_action	unknown_marker	Texas			Gi	166	29
disclose_categories_of_expenditures	unknown_marker	Texas			.	166	29
file_uncompensated_with_actual_contact	unknown_marker	Washington			ad	166	29
file_other	unknown_marker	Washington			(at)	166	29
disclose_categories_of_expenditures	unknown_marker	Washington			.	166	29
disclose_other	unknown_marker	Washington			(il)	166	29
	scan_offset_applied		13	-1.7		167	29
disclose_categories_of_expenditures	unknown_marker	West Virginia			,	167	29
file_other	unknown_marker	Wisconsin			No	167	29
disclose_other	unknown_marker	Wisconsin			(nn)	167	29
	scan_offset_applied		17	6.7		169	30
public_access_agency_compiles_publishes	unknown_marker	Alabama			‘	169	30
review_desk_or_field_complaints	unknown_marker	Alaska			N.A.	169	30
public_access_unrestricted	unknown_marker	Alaska			N.A.	169	30
public_access_restricted	unknown_marker	Alaska			NLA.	169	30
public_access_not_available	unknown_marker	Alaska			N.A	169	30
public_access_agency_compiles_publishes	unknown_marker	Alaska			N.A	169	30
review_desk_all	unknown_marker	Arizona			3 N.A.	169	30
review_field_all	unknown_marker	Arizona			N.A.	169	30
review_desk_or_field_all	unknown_marker	Arizona			N.A	169	30
review_desk_over_threshold	unknown_marker	Arizona			N.A.	169	30
review_field_over_threshold	unknown_marker	Arizona			N.A.	169	30
review_desk_or_field_over_threshold	unknown_marker	Arizona			N.A.	169	30
review_desk_random	unknown_marker	Arizona			N.A	169	30
review_field_random	unknown_marker	Arizona			N.A.	169	30
review_desk_or_field_random	unknown_marker	Arizona			N.A,	169	30
review_desk_complaints	unknown_marker	Arizona			N.A.	169	30
review_field_complaints	unknown_marker	Arizona			N.A.	169	30
review_desk_all	unknown_marker	Colorado			N.A.	169	30
review_field_all	unknown_marker	Colorado			N.A.	169	30
review_desk_or_field_all	unknown_marker	Colorado			N.A.	169	30
review_desk_over_threshold	unknown_marker	Colorado			N.A.	169	30
review_field_over_threshold	unknown_marker	Colorado			N.A.	169	30
review_desk_or_field_over_threshold	unknown_marker	Colorado			N.A.	169	30
review_desk_random	unknown_marker	Colorado			N.A	169	30
review_field_random	unknown_marker	Colorado			N.A.	169	30
review_desk_or_field_random	unknown_marker	Colorado			N.A.	169	30
review_desk_complaints	unknown_marker	Colorado			N.A.	169	30
review_field_complaints	unknown_marker	Colorado			N.A.	169	30
review_desk_or_field_complaints	unknown_marker	Colorado			N.A.	169	30
public_access_restricted	unknown_marker	Colorado			N.A. =	169	30
review_desk_or_field_random	unknown_marker	Connecticut			=	169	30
public_access_unrestricted	unknown_marker	Connecticut			N.A.	169	30
public_access_restricted	unknown_marker	Connecticut			N.A.	169	30
public_access_not_available	unknown_marker	Connecticut			N.A,	169	30
public_access_agency_compiles_publishes	unknown_marker	Connecticut			N.A	169	30
review_desk_all	unknown_marker	Delaware			§ N.A.	169	30
review_field_all	unknown_marker	Delaware			N.A.	169	30
review_desk_or_field_all	unknown_marker	Delaware			N.A.	169	30
review_desk_over_threshold	unknown_marker	Delaware			N.A.	169	30
review_field_over_threshold	unknown_marker	Delaware			N.A.	169	30
review_desk_or_field_over_threshold	unknown_marker	Delaware			N.A.	169	30
review_desk_random	unknown_marker	Delaware			N.A	169	30
review_field_random	unknown_marker	Delaware			N.A.	169	30
review_desk_or_field_random	unknown_marker	Delaware			N.A.	169	30
review_desk_complaints	unknown_marker	Delaware			N.A.	169	30
review_field_complaints	unknown_marker	Delaware			N.A.	169	30
review_desk_or_field_complaints	unknown_marker	Delaware			N.A.	169	30
review_desk_all	unknown_marker	Florida			=	169	30
review_desk_all	unknown_marker	Georgia			/	169	30
review_field_all	unknown_marker	Hawaii			—_—	169	30
review_desk_or_field_all	unknown_marker	Hawaii			®	169	30
review_desk_over_threshold	unknown_marker	Hawaii			—_—	169	30
review_field_random	unknown_marker	Hawaii			—_—	169	30
public_access_unrestricted	unknown_marker	Idaho			N.A.	169	30
public_access_restricted	unknown_marker	Idaho			N.A.	169	30
public_access_not_available	unknown_marker	Idaho			N.A.	169	30
public_access_agency_compiles_publishes	unknown_marker	Idaho			N.A.	169	30
review_desk_all	unknown_marker	Illinois			N.A.	169	30
review_field_all	unknown_marker	Illinois			N.A	169	30
review_desk_or_field_all	unknown_marker	Illinois			N.A.	169	30
review_desk_over_threshold	unknown_marker	Illinois			N.A.	169	30
review_field_over_threshold	unknown_marker	Illinois			N.A.	169	30
review_desk_or_field_over_threshold	unknown_marker	Illinois			N.A.	169	30
review_desk_random	unknown_marker	Illinois			N.A.	169	30
review_field_random	unknown_marker	Illinois			N.A	169	30
review_desk_complaints	unknown_marker	Illinois			N.A.	169	30
review_field_complaints	unknown_marker	Illinois			N.A. —_—	169	30
public_access_not_available	unknown_marker	Illinois			—~	169	30
review_desk_over_threshold	unknown_marker	Indiana			—_—	169	30
review_field_over_threshold	unknown_marker	Indiana			—_—	169	30
review_desk_or_field_over_threshold	unknown_marker	Indiana			—_—	169	30
review_field_random	unknown_marker	Indiana			—_	169	30
public_access_unrestricted	unknown_marker	Indiana			‘	169	30
review_desk_over_threshold	unknown_marker	Iowa			~	169	30
public_access_agency_compiles_publishes	unknown_marker	Iowa			‘	169	30
review_field_complaints	unknown_marker	Kansas			N.A.	169	30
public_access_agency_compiles_publishes	unknown_marker	Kansas			N.A.	169	30
review_desk_all	unknown_marker	Kentucky			N.A	169	30
review_field_all	unknown_marker	Kentucky			N.A.	169	30
review_desk_or_field_all	unknown_marker	Kentucky			N.A	169	30
review_desk_over_threshold	unknown_marker	Kentucky			N.A.	169	30
review_field_over_threshold	unknown_marker	Kentucky			N.A	169	30
review_desk_or_field_over_threshold	unknown_marker	Kentucky			N.A.	169	30
review_desk_random	unknown_marker	Kentucky			N.A	169	30
review_field_random	unknown_marker	Kentucky			N.A.	169	30
review_desk_or_field_random	unknown_marker	Kentucky			N.A.	169	30
review_desk_complaints	unknown_marker	Kentucky			N.A. —_—	169	30
review_field_complaints	unknown_marker	Kentucky			—_—	169	30
public_access_restricted	unknown_marker	Kentucky			—_—	169	30
public_access_not_available	unknown_marker	Kentucky			~<	169	30
review_desk_or_field_all	unknown_marker	Louisiana			—_—	169	30
review_field_over_threshold	unknown_marker	Louisiana			-_	169	30
review_desk_or_field_over_threshold	unknown_marker	Louisiana			_—	169	30
review_field_random	unknown_marker	Louisiana			—_—	169	30
review_desk_all	unknown_marker	Michigan			®	169	30
review_desk_over_threshold	unknown_marker	Michigan			—_—	169	30
review_desk_or_field_over_threshold	unknown_marker	Michigan			—_—	169	30
review_desk_random	unknown_marker	Michigan			—_—	169	30
review_field_random	unknown_marker	Michigan			—_—	169	30
review_field_all	unknown_marker	Minnesota			—_—	169	30
review_desk_or_field_over_threshold	unknown_marker	Minnesota			—_—	169	30
	scan_offset_applied		17	-5.1		170	30
review_field_all	unknown_marker	New Mexico			N.A.	170	30
review_desk_or_field_all	unknown_marker	New Mexico			N.A.	170	30
review_desk_over_threshold	unknown_marker	New Mexico			N.A.	170	30
review_field_over_threshold	unknown_marker	New Mexico			N.A.	170	30
review_desk_or_field_over_threshold	unknown_marker	New Mexico			N.A.	170	30
review_desk_random	unknown_marker	New Mexico			N.A.	170	30
review_field_random	unknown_marker	New Mexico			N.A.	170	30
review_desk_or_field_random	unknown_marker	New Mexico			N.A.	170	30
review_desk_complaints	unknown_marker	New Mexico			N.A.	170	30
review_field_complaints	unknown_marker	New Mexico			NLA.	170	30
review_desk_or_field_complaints	unknown_marker	New Mexico			N.A.	170	30
public_access_unrestricted	unknown_marker	New Mexico			N.A.	170	30
public_access_restricted	unknown_marker	New Mexico			N.A.	170	30
public_access_not_available	unknown_marker	New Mexico			N.A.	170	30
public_access_agency_compiles_publishes	unknown_marker	New Mexico			N.A.	170	30
review_desk_or_field_all	unknown_marker	New York			~	170	30
review_field_complaints	unknown_marker	New York			~	170	30
public_access_not_available	unknown_marker	New York			~	170	30
review_field_random	unknown_marker	North Carolina			ad	170	30
review_desk_all	unknown_marker	North Dakota			(h)	170	30
review_desk_all	unknown_marker	Ohio			N.A.	170	30
review_field_all	unknown_marker	Ohio			N.A.	170	30
review_desk_or_field_all	unknown_marker	Ohio			N.A.	170	30
review_desk_over_threshold	unknown_marker	Ohio			N.A,	170	30
review_field_over_threshold	unknown_marker	Ohio			N.A.	170	30
review_desk_or_field_over_threshold	unknown_marker	Ohio			N.A.	170	30
review_desk_random	unknown_marker	Ohio			N.A.	170	30
review_field_random	unknown_marker	Ohio			N.A.	170	30
review_desk_or_field_random	unknown_marker	Ohio			N.A,	170	30
review_desk_complaints	unknown_marker	Ohio			N.A.	170	30
review_field_complaints	unknown_marker	Ohio			N.A.	170	30
review_desk_or_field_complaints	unknown_marker	Ohio			N.A.	170	30
public_access_unrestricted	unknown_marker	Ohio			N.A.	170	30
public_access_not_available	unknown_marker	Ohio			N.A.	170	30
public_access_agency_compiles_publishes	unknown_marker	Ohio			N.A.	170	30
review_desk_all	unknown_marker	Pennsylvania			N.A.	170	30
review_field_all	unknown_marker	Pennsylvania			NA.	170	30
review_desk_or_field_all	unknown_marker	Pennsylvania			N.A.	170	30
review_desk_over_threshold	unknown_marker	Pennsylvania			N.A.	170	30
review_field_over_threshold	unknown_marker	Pennsylvania			N.A.	170	30
review_desk_or_field_over_threshold	unknown_marker	Pennsylvania			N.A.	170	30
review_desk_random	unknown_marker	Pennsylvania			N.A.	170	30
review_field_random	unknown_marker	Pennsylvania			N.A.	170	30
review_desk_or_field_random	unknown_marker	Pennsylvania			N.A.	170	30
review_desk_complaints	unknown_marker	Pennsylvania			N.A.	170	30
review_field_complaints	unknown_marker	Pennsylvania			N.A.	170	30
review_desk_or_field_complaints	unknown_marker	Pennsylvania			N.A.	170	30
public_access_unrestricted	unknown_marker	Pennsylvania			N.A.	170	30
public_access_restricted	unknown_marker	Pennsylvania			N.A.	170	30
public_access_not_available	unknown_marker	Pennsylvania			N.A.	170	30
public_access_agency_compiles_publishes	unknown_marker	Pennsylvania			N.A.	170	30
public_access_agency_compiles_publishes	unknown_marker	South Dakota			(0)	170	30
review_desk_all	unknown_marker	Texas			(q) (r)	170	30
public_access_agency_compiles_publishes	unknown_marker	Texas			(u)	170	30
review_field_complaints	unknown_marker	West Virginia			~	170	30
review_desk_all	unknown_marker	Wyoming			N.A.	170	30
review_field_all	unknown_marker	Wyoming			N.A.	170	30
review_desk_or_field_all	unknown_marker	Wyoming			N.A.	170	30
review_desk_over_threshold	unknown_marker	Wyoming			N.A.	170	30
review_field_over_threshold	unknown_marker	Wyoming			N.A.	170	30
review_desk_or_field_over_threshold	unknown_marker	Wyoming			N.A.	170	30
review_field_random	unknown_marker	Wyoming			N.A.	170	30
review_desk_or_field_random	unknown_marker	Wyoming			N.A.	170	30
review_desk_complaints	unknown_marker	Wyoming			N.A.	170	30
review_field_complaints	unknown_marker	Wyoming			N.A.	170	30
review_desk_or_field_complaints	unknown_marker	Wyoming			N.A.	170	30
public_access_unrestricted	unknown_marker	Wyoming			N.A.	170	30
public_access_restricted	unknown_marker	Wyoming			N.A.	170	30
public_access_not_available	unknown_marker	Wyoming			N.A.	170	30
public_access_agency_compiles_publishes	unknown_marker	Wyoming			N.A.	170	30
	scan_offset_applied		8	-19.2		172	31
auth_conduct_administrative_hearings	unknown_marker	Alaska			.	172	31
auth_subpoena_witnesses	unknown_marker	Arizona			N.A.	172	31
auth_subpoena_records	unknown_marker	Arizona			N.A.	172	31
auth_conduct_administrative_hearings	unknown_marker	Arizona			N.A.	172	31
auth_impose_administrative_fines	unknown_marker	Arizona			N.A.	172	31
auth_file_independent_court_actions	unknown_marker	Arizona			N.A.	172	31
auth_request_other_official_mandatory	unknown_marker	Arizona			N.A.	172	31
auth_request_other_official_discretionary	unknown_marker	Arizona			N.A.	172	31
auth_impose_administrative_fines	unknown_marker	California			(a)	172	31
auth_subpoena_records	unknown_marker	Connecticut			.	172	31
auth_subpoena_witnesses	unknown_marker	Georgia			N.A.	172	31
auth_subpoena_records	unknown_marker	Georgia			N.A.	172	31
auth_conduct_administrative_hearings	unknown_marker	Georgia			N.A.	172	31
auth_impose_administrative_fines	unknown_marker	Georgia			N.A.	172	31
auth_file_independent_court_actions	unknown_marker	Georgia			N.A.	172	31
auth_request_other_official_mandatory	unknown_marker	Georgia			N.A.	172	31
auth_request_other_official_discretionary	unknown_marker	Georgia			N.A.	172	31
auth_subpoena_records	unknown_marker	Hawaii			‘	172	31
auth_subpoena_witnesses	unknown_marker	Idaho			N.A.	172	31
	scan_offset_applied		8	5.5		173	31
auth_subpoena_witnesses	unknown_marker	Illinois			N.A.	173	31
auth_impose_administrative_fines	unknown_marker	Indiana			(b)	173	31
auth_conduct_administrative_hearings	unknown_marker	Iowa			(d)	173	31
auth_subpoena_witnesses	unknown_marker	Kentucky			N.A.	173	31
auth_subpoena_records	unknown_marker	Kentucky			N.A.	173	31
auth_conduct_administrative_hearings	unknown_marker	Kentucky			NA.	173	31
auth_impose_administrative_fines	unknown_marker	Kentucky			N.A. (e)	173	31
auth_request_other_official_discretionary	unknown_marker	Kentucky			N.A.	173	31
auth_impose_administrative_fines	unknown_marker	Maryland			(g) (f)	173	31
auth_impose_administrative_fines	unknown_marker	Michigan			(h) (k)	173	31
auth_impose_administrative_fines	unknown_marker	Minnesota			(m)	173	31
	scan_offset_applied		8	-3.6		174	31
auth_subpoena_witnesses	unknown_marker	Missouri			N.A.	174	31
auth_subpoena_records	unknown_marker	Missouri			N.A.	174	31
auth_conduct_administrative_hearings	unknown_marker	Missouri			N.A.	174	31
auth_impose_administrative_fines	unknown_marker	Missouri			N.A.	174	31
auth_file_independent_court_actions	unknown_marker	Missouri			N.A.	174	31
auth_request_other_official_mandatory	unknown_marker	Missouri			N.A.	174	31
auth_request_other_official_discretionary	unknown_marker	Missouri			N.A.	174	31
auth_impose_administrative_fines	unknown_marker	Nebraska			(0)	174	31
auth_request_other_official_mandatory	unknown_marker	New Jersey			—_	174	31
auth_conduct_administrative_hearings	unknown_marker	New Mexico			N.A. =	174	31
auth_impose_administrative_fines	unknown_marker	New Mexico			N.A. (q)	174	31
auth_file_independent_court_actions	unknown_marker	New Mexico			N.A.	174	31
auth_request_other_official_mandatory	unknown_marker	New Mexico			N.A.	174	31
auth_request_other_official_discretionary	unknown_marker	New Mexico			N.A.	174	31
auth_subpoena_witnesses	unknown_marker	Ohio			N.A.	174	31
auth_subpoena_records	unknown_marker	Ohio			N.A.	174	31
auth_conduct_administrative_hearings	unknown_marker	Ohio			N.A.	174	31
auth_impose_administrative_fines	unknown_marker	Ohio			N.A.	174	31
auth_file_independent_court_actions	unknown_marker	Ohio			N.A.	174	31
auth_request_other_official_mandatory	unknown_marker	Ohio			N.A.	174	31
auth_request_other_official_discretionary	unknown_marker	Ohio			N.A.	174	31
	scan_offset_applied		8	24.4		175	31
auth_request_other_official_mandatory	unknown_marker	Oklahoma			Basis	175	31
auth_request_other_official_discretionary	unknown_marker	Oklahoma			Basis	175	31
auth_subpoena_witnesses	unknown_marker	Pennsylvania			N.A.	175	31
auth_subpoena_records	unknown_marker	Pennsylvania			N.A.	175	31
auth_file_independent_court_actions	unknown_marker	Pennsylvania			~	175	31
auth_request_other_official_mandatory	unknown_marker	Pennsylvania			~	175	31
auth_subpoena_witnesses	unknown_marker	Rhode Island			NA.	175	31
auth_subpoena_records	unknown_marker	Rhode Island			NA.	175	31
auth_conduct_administrative_hearings	unknown_marker	Rhode Island			N.A.	175	31
auth_impose_administrative_fines	unknown_marker	Rhode Island			N.A.	175	31
auth_file_independent_court_actions	unknown_marker	Rhode Island			N.A.	175	31
auth_request_other_official_mandatory	unknown_marker	Rhode Island			N.A.	175	31
auth_request_other_official_discretionary	unknown_marker	Rhode Island			N.A.	175	31
auth_subpoena_witnesses	unknown_marker	South Carolina			N.A,	175	31
auth_subpoena_records	unknown_marker	South Carolina			N.A.	175	31
auth_conduct_administrative_hearings	unknown_marker	South Carolina			N.A.	175	31
auth_impose_administrative_fines	unknown_marker	South Carolina			N.A.	175	31
auth_file_independent_court_actions	unknown_marker	South Carolina			N.A.	175	31
auth_request_other_official_mandatory	unknown_marker	South Carolina			N.A.	175	31
auth_request_other_official_discretionary	unknown_marker	South Carolina			N.A.	175	31
auth_file_independent_court_actions	unknown_marker	South Dakota			N.A.	175	31
auth_request_other_official_mandatory	unknown_marker	South Dakota			N.A.	175	31
auth_request_other_official_discretionary	unknown_marker	South Dakota			N.A.	175	31
auth_impose_administrative_fines	unknown_marker	Texas			(w) (y)	175	31
auth_subpoena_witnesses	unknown_marker	Vermont			~_	175	31
auth_file_independent_court_actions	unknown_marker	Vermont			~—	175	31
auth_subpoena_records	unknown_marker	Virginia			—_	175	31
auth_file_independent_court_actions	unknown_marker	Virginia			~	175	31
	scan_offset_applied		8	4.3		176	31
auth_subpoena_witnesses	unknown_marker	Alberta			—_N.A.	176	31
auth_subpoena_records	unknown_marker	Alberta			N.A.	176	31
auth_conduct_administrative_hearings	unknown_marker	Alberta			N.A.	176	31
auth_file_independent_court_actions	unknown_marker	Alberta			N.A.	176	31
auth_subpoena_witnesses	unknown_marker	British Columbia			N.A. N.A.	176	31
auth_subpoena_records	unknown_marker	British Columbia			N.A. N.A.	176	31
auth_conduct_administrative_hearings	unknown_marker	British Columbia			N.A. N.A.	176	31
auth_impose_administrative_fines	unknown_marker	British Columbia			N.A. N.A.	176	31
auth_file_independent_court_actions	unknown_marker	British Columbia			N.A. N.A.	176	31
auth_request_other_official_mandatory	unknown_marker	British Columbia			N.A. N.A.	176	31
auth_request_other_official_discretionary	unknown_marker	British Columbia			N.A.	176	31
auth_impose_administrative_fines	unknown_marker	District of Columbia			(ii)	176	31
auth_subpoena_witnesses	unknown_marker	Manitoba			Office N.A.	176	31
auth_subpoena_records	unknown_marker	Manitoba			N.A.	176	31
auth_conduct_administrative_hearings	unknown_marker	Manitoba			NA.	176	31
auth_impose_administrative_fines	unknown_marker	Manitoba			N.A.	176	31
auth_file_independent_court_actions	unknown_marker	Manitoba			N.A.	176	31
auth_request_other_official_mandatory	unknown_marker	Manitoba			N.A.	176	31
auth_request_other_official_discretionary	unknown_marker	Manitoba			N.A.	176	31
auth_subpoena_records	unknown_marker	Washington			id	176	31
auth_impose_administrative_fines	unknown_marker	West Virginia			(ff)	176	31
auth_request_other_official_mandatory	unknown_marker	Wisconsin			=	176	31
auth_request_other_official_discretionary	unknown_marker	Wyoming			(hh)	176	31
	scan_offset_no_anchors					177	31
auth_subpoena_records	unknown_marker	Newfoundland			Records	177	31
auth_conduct_administrative_hearings	unknown_marker	Newfoundland			Hearings	177	31
auth_impose_administrative_fines	unknown_marker	Newfoundland			Fines	177	31
auth_file_independent_court_actions	unknown_marker	Newfoundland			Court Independent	177	31
auth_request_other_official_mandatory	unknown_marker	Newfoundland			Actions Mandatory Basis	177	31
auth_request_other_official_discretionary	unknown_marker	Newfoundland			Discretionary Basis	177	31
auth_subpoena_records	unknown_marker	Nova Scotia			N.A.	177	31
auth_conduct_administrative_hearings	unknown_marker	Nova Scotia			N.A.	177	31
auth_impose_administrative_fines	unknown_marker	Nova Scotia			N.A.	177	31
auth_file_independent_court_actions	unknown_marker	Nova Scotia			N.A.	177	31
auth_request_other_official_mandatory	unknown_marker	Nova Scotia			N.A.	177	31
auth_request_other_official_discretionary	unknown_marker	Nova Scotia			N.A.	177	31
auth_subpoena_witnesses	unknown_marker	Ontario			N.A.	177	31
auth_subpoena_records	unknown_marker	Ontario			N.A.	177	31
auth_conduct_administrative_hearings	unknown_marker	Ontario			N.A,	177	31
auth_request_other_official_mandatory	unknown_marker	Ontario			N.A.	177	31
auth_request_other_official_discretionary	unknown_marker	Ontario			N.A.	177	31
auth_subpoena_witnesses	unknown_marker	Quebec			N.A. N.A.	177	31
auth_subpoena_records	unknown_marker	Quebec			N.A.	177	31
auth_conduct_administrative_hearings	unknown_marker	Quebec			N.A.	177	31
auth_impose_administrative_fines	unknown_marker	Quebec			N.A.	177	31
auth_file_independent_court_actions	unknown_marker	Quebec			N.A.	177	31
auth_request_other_official_mandatory	unknown_marker	Quebec			N.A.	177	31
auth_subpoena_records	unknown_marker	Saskatchewan			N.A.	177	31
auth_conduct_administrative_hearings	unknown_marker	Saskatchewan			N.A.	177	31
auth_impose_administrative_fines	unknown_marker	Saskatchewan			N.A.	177	31
auth_file_independent_court_actions	unknown_marker	Saskatchewan			N.A,	177	31
auth_request_other_official_mandatory	unknown_marker	Saskatchewan			N.A.	177	31
auth_request_other_official_discretionary	unknown_marker	Saskatchewan			NLA. NA.	177	31
