#,row_id,criterion,tag,evidence,note,agreement
1,(multiple),C2,other-issue,"[run2] **Recurring formatting pattern**: many PRI-derived rows have trailing `?.` (question mark followed by period) in their descriptions (e.g., EXEMPT_GOVT_OFFICIAL_CAPACITY, EXEMPT_GOVT_PARTIAL_RELIEF, PARITY_GOVT_AS_LOBBYIST, PARITY_GOVT_AS_PRINCIPAL, DEF_PUBLIC_ENTITY, RPT_PRINCIPAL_GATE, RPT_PRINCIPAL_CONTACT, RPT_PRINCIPAL_LOBBYIST_NAMES, RPT_PRINCIPAL_LOBBYIST_CONTACT, RPT_PRINCIPAL_BUSINESS_NATURE, RPT_PRINCIPAL_ISSUE_GENERAL, RPT_PRINCIPAL_BILL_SPECIFIC, RPT_PRINCIPAL_CONTACTS_LOGGED, RPT_PRINCIPAL_FINANCIAL_CONTRIBUTORS, RPT_LOBBYIST_GATE, RPT_LOBBYIST_CONTACT, RPT_LOBBYIST_PRINCIPAL_NAMES, RPT_LOBBYIST_PRINCIPAL_CONTACT, RPT_LOBBYIST_PRINCIPAL_NATURE, RPT_LOBBYIST_ISSUE_GENERAL, RPT_LOBBYIST_BILL_SPECIFIC, RPT_LOBBYIST_CONTACTS_LOGGED, ~24 PRI-A/B/E rows). Each is a verbatim PRI question ending in `?` plus a `.` period the loader added. Harmless functionally but indicates `compendium/disclosure_items.csv` was generated by appending `.` to PRI item_text without stripping trailing punctuation. Flag for Phase 1 cosmetic-cleanup batch.","single-run flag, run2 only | run2 note: confidence: high; `other-issue` per plan §""churn"" guidance",run2-only
2,ACC_AGGREGATE_TOTALS_BY_DEADLINE,C1,axis-ambiguous-name,[run1] ID 'BY_DEADLINE' is unusual; CPI Q36 is 'Aggregate spending broken down by reporting deadline' (showing aggregate spent in each filing period). The ID could read as 'by missed deadline' or 'by upcoming deadline'.,"single-run flag, run1 only | run1 note: Mild.",run1-only
3,ACC_AGGREGATE_TOTALS_BY_DEADLINE,C2,description-narrower-than-rubric,"[run2] Description `State agency publishes aggregate lobbying spending across all reporting-period deadlines.` matches CPI Q36 (""aggregate spending total by spending-report deadlines""). Ambiguous: is this ""publish aggregate by deadline-period"" (e.g., quarterly cumulative) or ""publish aggregate organized by which deadline produced it""? CPI Q36 is open.","single-run flag, run2 only | run2 note: confidence: low",run2-only
4,ACC_COPIES_COST,C2,description-misscoped,"[run2] Description `Cost the state agency charges per page for paper copies of disclosure documents (a cost barrier to access).` matches CPI Q33 conceptually, but Q33's response options span more than per-page cost (free / by-page / flat-fee). data_type is `numeric` per CSV; description's ""per page"" framing presumes the by-page model.","single-run flag, run2 only | run2 note: confidence: medium",run2-only
5,ACC_CURRENT_YEAR_DATA,C2,description-narrower-than-rubric,"[run2] Description `At least some current lobbying data/information available on the website for the most recent year.` is verbatim PRI Q4. ""Some current data"" admits low-bar interpretation.","single-run flag, run2 only | run2 note: confidence: low",run2-only
6,ACC_DATA_AVAILABLE_AT_ALL,C2,description-misscoped,"[run1] Description: 'At least some lobbying data available (in any format) either by request (email, telephone, fax, etc.) or anonymously (web-based).' References include sunlight_2015::document_accessibility which Sunlight defines as 'Form Accessibility' (a 4-tier ordinal about whether *forms* — registration/expenditure forms — can be accessed online), not whether *lobbying data* is available. Different scope.","single-run flag, run1 only | run1 note: Sunlight's tier is form-availability",run1-only
7,ACC_DATA_AVAILABLE_AT_ALL,C3,cluster-asks-two-questions,"[run2] framework_references include PRI Q1 (data available in any format/by any channel), FOCAL 3.3 (open license, machine-readable, etc. — much more demanding), Sunlight `document_accessibility` (portal usability ordinal), OpenSecrets `public_lists_baseline`. Cluster spans bare-availability (PRI Q1, easy) to open-data quality (FOCAL 3.3, demanding multi-condition). The description is verbatim PRI Q1, so the cluster has drifted past the description.","single-run flag, run2 only | run2 note: confidence: high",run2-only
8,ACC_DEDICATED_WEBSITE,C2,description-narrower-than-rubric,[run1] Description 'The state has a dedicated website for lobbying information.' covers website-existence question only; cross-refs to Hired Guns Q28+Q29 are about online filing (different question).,"single-run flag, run1 only | run1 note: Compounds with C3 cluster.",run1-only
9,ACC_DEDICATED_WEBSITE,C3,cluster-asks-two-questions,"[run1] 5 cross-refs: PRI Q2 (dedicated lobbying website), FOCAL 3.1 (Lobbyist register is online), Hired Guns Q28 (online registration filing), Hired Guns Q29 (online spending reporting), OpenSecrets public_lists. Q28/Q29 are about *filing online* (lobbyist/employer can submit forms via internet) — narrower/different than 'state has dedicated website for lobbying info'. [run2] framework_references include PRI Q2 (dedicated website), FOCAL 3.1 (lobbyist register is online), Hired Guns Q28+Q29 (online registration *filing* + online spending-report *filing*), OpenSecrets `public_lists`. Cluster mixes ""is there a website?"" with ""do filings happen online?"" — different mechanisms. CPI Q28/Q29 specifically are about *filing* online (input side), while PRI Q2/FOCAL 3.1/OS are about *information availability* (output side).",run1 note: Cluster bundles three distinct concepts: 'website exists' | run2 note: confidence: medium,both
10,ACC_DIARIES_ONLINE,C2,description-narrower-than-rubric,"[run2] Description `Diaries available online (eg, lobbyists, ministers, ministerial staff).` — same Westminster-term translation issue.","single-run flag, run2 only | run2 note: confidence: low",run2-only
11,ACC_DIARIES_ONLINE,C4,cross-row-overlap,"[run1] Pair with RPT_OFFICIAL_DIARY_DISCLOSURE. [run2] ACC_DIARIES_ONLINE (FOCAL 3.2 — ""Diaries available online"") and RPT_OFFICIAL_DIARY_DISCLOSURE (FOCAL 2.3 — ""Ministerial diaries are disclosed monthly"") have overlapping subject matter (officials' diaries); ACC version is online-availability, RPT version is disclosure-cadence. Harness rule for distinguishing them is implicit in the domain assignment, not in the descriptions.",run1 note: Same. | run2 note: confidence: low,both
12,ACC_DOWNLOAD_ANALYSIS_READY,C3,cluster-asks-two-questions,"[run1] 7 cross-refs: PRI Q6 (downloadable in usable format), FOCAL 3.3 (compound: no registration, free, open license, non-proprietary, machine readable), FOCAL 3.4 (downloadable as files), Sunlight document_accessibility (4-tier form access), Hired Guns Q31 (registrations format 4-tier), Hired Guns Q32 (spending reports format 4-tier), OpenSecrets public_download. FOCAL 3.3 explicitly flagged in focal_2024_indicators.csv as 'Compound indicator: five sub-conditions ... Scoring may require decomposition.' The cross-ref aggregation papers over a known-decomposable indicator. [run2] framework_references include PRI Q6 (analysis-ready download), FOCAL 3.3 (open data multi-condition), FOCAL 3.4 (downloadable), Sunlight `document_accessibility`, Hired Guns Q31+Q32 (format of registrations directory + format of spending reports), OpenSecrets `public_download`. FOCAL 3.3 belongs more naturally on ACC_DATA_AVAILABLE_AT_ALL (#70) per the dedup map's disjunctive expression; here it's also referenced for the format dimension. Cluster spans format (CPI Q31/Q32, Sunlight) + downloadability (FOCAL 3.4, OS) + analysis-ready format (PRI Q6) + open-data quality (FOCAL 3.3).",run1 note: Highest cross-ref count among accessibility rows. | run2 note: confidence: medium,both
13,ACC_HISTORICAL_DATA,C2,description-broader-than-rubric,"[run2] Description `Historical lobbying information is available, downloadable, or at least viewable on the state's website.` is verbatim PRI Q5. The disjunction ""available / downloadable / viewable"" admits very different fact-patterns; states answer differently depending on which disjunct they meet. data_type is `boolean` (binary), so the disjunction is OR'd into one yes/no. FOCAL 3.8 is also referenced (""downloadable"") — narrower than PRI's disjunction.","single-run flag, run2 only | run2 note: confidence: medium",run2-only
14,ACC_LINKED_DATA,C2,description-narrower-than-rubric,"[run2] Description `Linked or interconnected data (to other datasets, eg, campaign financing).` is FOCAL 3.7. ""Linked data"" has a specific technical meaning (RDF / Semantic Web) that FOCAL doesn't necessarily intend; description doesn't disambiguate.","single-run flag, run2 only | run2 note: confidence: low",run2-only
15,ACC_MULTI_CRITERIA_SORT,C2,description-broader-than-rubric,"[run2] Description `Users can simultaneously sort lobbying data by multiple criteria.` is verbatim PRI Q8. Row name says ""(ordinal 0-15)"" — but PRI Q8 is the simultaneous-sort score that aggregates the 15 individual sort criteria of PRI Q7a-o. Description does not communicate the ordinal scale.","single-run flag, run2 only | run2 note: confidence: medium",run2-only
16,ACC_MULTI_CRITERIA_SORT,C3,cluster-asks-two-questions,"[run1] 4 cross-refs: PRI Q8, FOCAL 3.5, Sunlight document_accessibility (form-access tier), OpenSecrets public_search. Sunlight's tier is form-access, not multi-criteria-sort. Mismatched cross-ref.","single-run flag, run1 only | run1 note: Same Sunlight tier mismatch.",run1-only
17,ACC_MULTI_CRITERIA_SORT,C4,cross-row-overlap,"[run2] The 15 ACC_SORT_BY_* rows (PRI Q7a-o) each ask about a single sort dimension; ACC_MULTI_CRITERIA_SORT (PRI Q8) asks about simultaneous-multi-sort capability. The compendium represents Q8's 0-15 ordinal alongside Q7's 15 booleans — but harness rule for whether Q8's score = sum of Q7s, or independent, is not explicit.","single-run flag, run2 only | run2 note: confidence: medium",run2-only
18,ACC_REGISTRY_UPDATE_FRESHNESS,C2,description-misscoped,"[run2] Description `Changes (eg, registering/deregistering lobbyists, new clients) are updated close to real time (eg, daily).` is verbatim FOCAL 2.1; states' answer values include ""annual"" / ""manual"" / ""real-time"" — the data_type is `categorical` per CSV. Description does not enumerate the categorical scale.","single-run flag, run2 only | run2 note: confidence: low",run2-only
19,ACC_REGISTRY_UPDATE_FRESHNESS,C3,cluster-asks-two-questions,"[run2] framework_references: FOCAL 2.1 (""changes updated close to real time, eg, daily"") + Hired Guns Q38 (""How often are lobby lists updated?""). FOCAL 2.1's specific anchor is ""daily""; Q38 is open-ended frequency. Cluster cohesive enough; flag is borderline.","single-run flag, run2 only | run2 note: confidence: low",run2-only
20,ACC_REGISTRY_UPDATE_FRESHNESS,C4,cross-row-overlap,[run2] ACC_REGISTRY_UPDATE_FRESHNESS (FOCAL 2.1: registration changes pushed close to real-time) vs ACC_ACTIVITY_DISCLOSURE_FRESHNESS (FOCAL 2.2: activity disclosures pushed close to real-time). Two different freshness measures; descriptions mention they're different but a portal that updates both gets both populated. Reasonable separation; flag is for cross-domain consistency.,"single-run flag, run2 only | run2 note: confidence: low",run2-only
21,ACC_SORT_BY_DATE,C4,cross-row-overlap,"[run2] ACC_SORT_BY_DATE (Q7e: specific date) vs ACC_SORT_BY_PERIOD (Q7f: specific time period). Date is a point, period is a range; portals usually accept both as date filters. Q7e and Q7f populate together for any portal supporting date-range queries.","single-run flag, run2 only | run2 note: confidence: low",run2-only
22,ACC_SORT_BY_LEGAL_STATUS,C4,cross-row-overlap,"[run2] ACC_SORT_BY_LEGAL_STATUS (Q7m: govt / non-profit / for-profit) and RPT_PRINCIPAL_BUSINESS_NATURE (PRI E1e: principal nature public/private). Q7m is portal-side filterability of the underlying field that E1e disclosure populates. Pair is correct (different domains, different observability) but worth flagging for cross-domain consistency review.","single-run flag, run2 only | run2 note: confidence: low",run2-only
23,ACC_SORT_BY_LOBBYIST_NAME,C4,cross-row-overlap,[run2] ACC_SORT_BY_LOBBYIST_NAME (Q7c) and ACC_SORT_BY_LOBBYIST_LOCATION (Q7d) — same pattern as #121 but for lobbyist. Q7c's name + Q7d's address are inputs to the same search box on most portals.,"single-run flag, run2 only | run2 note: confidence: low",run2-only
24,ACC_SORT_BY_PRINCIPAL_LOCATION,C4,cross-row-overlap,"[run2] ACC_SORT_BY_PRINCIPAL (Q7a: principal as searchable field) and ACC_SORT_BY_PRINCIPAL_LOCATION (Q7b: principal's location) overlap when a portal lets you search by city/state — ""principal address"" (Q7a's ""city, authority, employer, corporation"" includes city) vs ""specific address; city"" (Q7b). Q7a's parenthetical includes ""city"" overlapping Q7b. PRI 2010's own rubric had this overlap.","single-run flag, run2 only | run2 note: confidence: medium",run2-only
25,ACC_SORT_BY_SECTOR,C4,cross-row-overlap,[run2] ACC_SORT_BY_SECTOR (Q7n) vs ACC_SORT_BY_SUB_SECTOR (Q7o) — sector and sub-sector are nested taxonomies; portals supporting one usually support the other.,"single-run flag, run2 only | run2 note: confidence: low",run2-only
26,ACC_SORT_BY_TOTAL_EXPENDITURES,C4,cross-row-overlap,[run2] ACC_SORT_BY_TOTAL_EXPENDITURES (Q7g) vs ACC_SORT_BY_COMPENSATION (Q7h) vs ACC_SORT_BY_MISC_EXPENSES (Q7i) — three sort-by-money-field rows. Total expenditures = compensation + misc expenses + others; rows are not orthogonal. PRI 2010 priced them as 3 of 15 in Q8's ordinal; v3 should consider whether the 3 rows together = 1 conceptual question (search by money).,"single-run flag, run2 only | run2 note: confidence: medium",run2-only
27,ACC_UNIQUE_IDENTIFIERS,C2,description-narrower-than-rubric,"[run2] Description `Unique identifiers (eg, for lobbyists, individuals, organisations).` is FOCAL 3.6's text. The row's substance (does the registry maintain stable IDs that persist across filings?) isn't captured by the bare label.","single-run flag, run2 only | run2 note: confidence: low",run2-only
28,ACC_WEBSITE_FINDABILITY,C2,description-narrower-than-rubric,"[run2] Description `How easily a state's lobbying website can be found.` is verbatim PRI Q3 — but ""how easily"" is not boolean (data_type is `boolean` per CSV). PRI scored Q3 binary in 2010; data_type matches but description's ""how easily"" implies degree.","single-run flag, run2 only | run2 note: confidence: low",run2-only
29,CONTACT_BENEFICIARY,C1,name-misleading,"[run2] ID `CONTACT_BENEFICIARY` reads as ""the person/entity who benefited from the contact"" — but the row is about ""Organisation/interest(s) represented (beneficiary)"" — i.e., on whose behalf the lobbyist made the contact. The PRI/FOCAL term ""beneficiary"" here means ""client/principal whose interest is represented"", not ""official who received a benefit."" A reader might confuse this with RPT_HOUSEHOLD_OF_OFFICIAL_SPENDING.","single-run flag, run2 only | run2 note: confidence: medium",run2-only
30,CONTACT_INSTITUTION,C4,cross-row-overlap,"[run2] CONTACT_INSTITUTION (institution/department contacted, FOCAL 8.3) and CONTACT_PERSONS_CONTACTED (persons contacted + position, FOCAL 8.2) overlap when a person is identified by both name and institution; harness rule for whether institution-only contact populates only CONTACT_INSTITUTION or both is implicit.","single-run flag, run2 only | run2 note: confidence: low",run2-only
31,CONTACT_LEGISLATIVE_REFERENCES,C4,cross-row-overlap,"[run2] CONTACT_LEGISLATIVE_REFERENCES (FOCAL 8.11, contact_log domain — bill numbers per contact) overlaps with RPT_PRINCIPAL_BILL_SPECIFIC / RPT_LOBBYIST_BILL_SPECIFIC (PRI E1g_ii / E2g_ii — bill-specific reporting on the principal/lobbyist disclosure form). Filing-shape distinct (per-contact vs per-period roll-up) but topically overlapping. Harness rule for which row a state's ""list bills lobbied per contact"" populates is implicit.","single-run flag, run2 only | run2 note: confidence: medium",run2-only
32,CONTACT_MEETING_ATTENDEES,C2,description-narrower-than-rubric,"[run2] Description `If a meeting, names of all attendees.` — verbatim FOCAL 8.4. The ""if a meeting"" qualifier is conditional but description doesn't enumerate non-meeting forms (calls, emails) that wouldn't have an attendees list. data_type is `compound`.","single-run flag, run2 only | run2 note: confidence: low",run2-only
33,CONTACT_OUTCOMES_SOUGHT,C4,cross-row-overlap,"[run2] CONTACT_OUTCOMES_SOUGHT (FOCAL 8.10, contact_log — per-contact outcomes/positions) overlaps with RPT_POSITION_TAKEN (Sunlight `position_taken`, reporting domain — positions per filing). Same outcome data at different filing granularities.","single-run flag, run2 only | run2 note: confidence: medium",run2-only
34,DEF_ADMIN_AGENCY_LOBBYING_TRIGGER,C1,axis-ambiguous-name,"[run1] ID 'ADMIN_AGENCY_LOBBYING' could read as actor-axis (lobbying *by* admin agencies) or target-axis (lobbying *directed at* admin agencies). Description anchors target-axis with explicit 'TARGET axis. ... directed at (with administrative or executive-branch agencies as the recipients of lobbying contact)'. [run2] ID `DEF_ADMIN_AGENCY_LOBBYING_TRIGGER` reads ambiguously: could mean ""lobbying *by* admin agencies"" (actor-axis, parallel to REG_EXECUTIVE_AGENCY) or ""lobbying *of* admin agencies"" (target-axis, what the description says). Description leads with explicit ""TARGET axis"" tag; ID does not.",run1 note: Reference example from iter-1 disagreement on retirement_system regime; chunk-frame preamble papers over but ID layer still ambiguous. | run2 note: seed example from iter-1; described in handoff brief,both
35,DEF_ADMIN_AGENCY_LOBBYING_TRIGGER,C2,description-broader-than-rubric,"[run2] Description leads with ""TARGET axis. Does the state lobbyist definition reach lobbying *directed at* (with administrative or executive-branch agencies as the recipients of lobbying contact) — i.e., is the regime executive-branch-inclusive, or legislative-only?"" — combines two questions: (a) does the definition reach admin-agency-lobbying *as a target category* and (b) ""is the regime executive-branch-inclusive"" (regime-level meta-question). The (b) phrasing risks the harness emitting at regime-meta level rather than at the specific definition-trigger level.",tag-disagreement run1=rubric-source-ambiguous / run2=description-broader-than-rubric | run2 note: confidence: medium,tag-disagree
36,DEF_ADMIN_AGENCY_LOBBYING_TRIGGER,C2,rubric-source-ambiguous,"[run1] All 4 cross-refs (Newmark 2017/2005 def_admin_agency_lobbying, Opheim 1991 def_admin_agency_lobbying with 'administrative' in scare quotes in source paper, Hired Guns Q1) have direction-implicit source language. Hired Guns Q1 explicit text: 'In addition to legislative lobbyists, does the definition recognize executive branch lobbyists?' — CPI gloss confirms target-axis but the question itself is direction-ambiguous; Newmark/Opheim use the noun 'administrative agency lobbying' / 'administrative lobbying' without naming direction.",tag-disagreement run1=rubric-source-ambiguous / run2=description-broader-than-rubric | run1 note: Reinforces C1: rubric ambiguity propagated into row.,tag-disagree
37,DEF_ADMIN_AGENCY_LOBBYING_TRIGGER,C4,cross-row-overlap,"[run2] Per the iter-1 surfaced bug + the chunk-frame preamble: the target-axis row DEF_ADMIN_AGENCY_LOBBYING_TRIGGER (definitions domain) and the actor-axis rows REG_GOVT_LOBBYING_GOVT / REG_EXECUTIVE_AGENCY (registration domain) are *intentionally* separate by axis — but neither row's name foregrounds the axis distinction. A harness reading a statute that mentions ""executive agency lobbying"" without further context could plausibly fire on any of three rows.","single-run flag, run2 only | run2 note: confidence: high; pre-known from iter-1",run2-only
38,DEF_ADMIN_AGENCY_LOBBYING_TRIGGER,C5,wrong-domain,[run2] (Counter to D11 — the row is in `definitions` per D11; flag is ambiguity over whether it should also exist in registration as the target-axis registration trigger.) Lower-confidence; flagging for completeness.,"single-run flag, run2 only | run2 note: confidence: low; D11-aware",run2-only
39,DEF_COMPENSATION_STANDARD,C1,axis-ambiguous-name,[run1] ID 'COMPENSATION_STANDARD' does not disambiguate income-side ('paid > $X = lobbyist') vs expenditure-side. Description must specify 'income-side: paid > $X per period = lobbyist'. Word 'standard' is direction-agnostic.,"single-run flag, run1 only | run1 note: Distinct from PRI D1 (expenditure-side exemption) per D3.",run1-only
40,DEF_COMPENSATION_STANDARD,C4,cross-row-overlap,"[run1] No _VALUE counterpart row exists. Description references '$X per period' threshold but there is no DEF_COMPENSATION_STANDARD_VALUE. Asymmetric vs (DEF_EXPENDITURE_STANDARD ↔ THRESHOLD_LOBBYING_EXPENDITURE_VALUE) and (DEF_TIME_STANDARD ↔ THRESHOLD_LOBBYING_TIME_VALUE). A state with compensation-standard inclusion threshold has no row to populate the dollar value. [run2] DEF_COMPENSATION_STANDARD (income-side, inclusion-framed) vs THRESHOLD_LOBBYING_EXPENDITURE_PRESENT (expenditure-side, exemption-framed) — different axis (income vs expenditure) and different framing (inclusion vs exemption). Distinct in design (D11 disambiguation rule) but overlap candidate when a state has a single rule that combines both axes. Low-confidence flag — D11 already addressed.",run1 note: Curation gap. | run2 note: confidence: low; D11-aware,both
41,DEF_ELECTED_OFFICIAL_AS_LOBBYIST,C1,axis-ambiguous-name,"[run2] ID is explicit: ""ELECTED_OFFICIAL_AS_LOBBYIST"" pins actor-axis well. But description warns ""Distinct from elected officials as the targets of lobbying (which is implicit in any legislative-regime definition)"" — a possible-confusion pair the ID itself does not foreclose to a hurried reader. Lower-confidence concern than DEF_ADMIN_AGENCY_LOBBYING_TRIGGER; flagged for cross-domain consistency review.","single-run flag, run2 only | run2 note: confidence: low",run2-only
42,DEF_EXPENDITURE_STANDARD,C1,axis-ambiguous-name,"[run1] ID 'EXPENDITURE_STANDARD' could be inclusion-framed ('spends > $X IS a lobbyist') or exemption-framed ('spends < $X is exempt'). Description specifies 'THRESHOLD axis (quantitative, inclusion-framed)' — the inclusion/exemption distinction is the load-bearing one (D11 disambiguation rule), and the ID does not carry it.","single-run flag, run1 only | run1 note: Pair with THRESHOLD_LOBBYING_EXPENDITURE_PRESENT (exemption-framed only after D11).",run1-only
43,DEF_EXPENDITURE_STANDARD,C4,cross-row-overlap,"[run1] Pair with THRESHOLD_LOBBYING_EXPENDITURE_PRESENT (registration domain). D11 addendum acknowledges overlap and tightened descriptions to 'inclusion-only' / 'exemption-only' — but THRESHOLD_LOBBYING_EXPENDITURE_VALUE description says 'Dollar value of the lobbying-expenditure threshold (whether framed as inclusion or exemption)' implying same VALUE applies to both rows, structurally wrong if a state has different inclusion and exemption thresholds. [run2] DEF_EXPENDITURE_STANDARD (inclusion-framed) vs THRESHOLD_LOBBYING_EXPENDITURE_PRESENT (exemption-framed) — explicitly designed as paired rows per D11. Cross-row overlap is a *feature*, not a bug, but the harness rule for when both populate is in the description (D11 addendum), not the row ID.",run1 note: Asymmetry: PRESENT/STANDARD split but VALUE shared. | run2 note: confidence: low; D11-aware,both
44,DEF_PUBLIC_EMPLOYEE_AS_LOBBYIST,C1,axis-ambiguous-name,"[run2] Same shape as #2. ID is ""PUBLIC_EMPLOYEE_AS_LOBBYIST"" — actor-leaning. Description disambiguates ""as actors"", but a hurried reader could conflate with public-employees-as-targets-of-lobbying or with REG_EXECUTIVE_AGENCY (institutional-actor case). Lower-confidence.","single-run flag, run2 only | run2 note: confidence: low",run2-only
45,DEF_PUBLIC_EMPLOYEE_AS_LOBBYIST,C4,cross-row-overlap,"[run2] DEF_PUBLIC_EMPLOYEE_AS_LOBBYIST (definitions, individual actor) vs REG_GOVT_LOBBYING_GOVT (registration, agency-as-actor). Iter-1's preamble note (in `chunk_frames/definitions.md`) explicitly calls out this disambiguation, but on row IDs alone the boundary isn't communicated.","single-run flag, run2 only | run2 note: confidence: medium",run2-only
46,DEF_PUBLIC_ENTITY,C1,axis-ambiguous-name,"[run1] ID prefix 'DEF_' but row lives in domain='registration'. Per D11 the 'DEF_' prefix was reserved for definitions-domain rows ('who is a lobbyist?'). This row asks 'does the law define public entity?' — a definitional question about public-entity status, not 'who is a lobbyist'.",tag-disagreement run1=axis-ambiguous-name / run2=name-misleading | run1 note: 4-row cluster (DEF_PUBLIC_ENTITY + 3 sub-rows for charter/ownership/structure) shares DEF_ prefix collision.,tag-disagree
47,DEF_PUBLIC_ENTITY,C1,name-misleading,"[run2] The `DEF_*` prefix in this compendium is now strongly associated with `domain=""definitions""` (post-v1.2). This row uses `DEF_*` but lives in `registration`. If the row stays in `registration`, the prefix is misleading; if it moves (#4), the prefix becomes consistent. Cross-loaded with C5 above.",tag-disagreement run1=axis-ambiguous-name / run2=name-misleading | run2 note: confidence: medium; entanglement w/ #4,tag-disagree
48,DEF_PUBLIC_ENTITY,C2,other-issue,"[run2] The row's framework_references contains only PRI C0; the v2 audit explicitly mentioned that rubrics on definitions may need other refs (e.g., FOCAL 1.1 has ""public entities"" listed). Coverage gap candidate; defer to Phase 1 (per plan: ""If Phase 0 finds rubric items in `papers/text/` that aren't in `framework_dedup_map.csv`, that's a `other-issue` flag with note 'coverage gap, defer to v3+ scope decision'.""). FOCAL 1.1 *is* in `framework_dedup_map.csv` mapping to a conjunction of PRI A-series; it's the *concept* of ""public entity definition"" that may have FOCAL coverage missing on this row.","single-run flag, run2 only | run2 note: confidence: low",run2-only
49,DEF_PUBLIC_ENTITY,C4,cross-row-overlap,"[run1] 4-row cluster (parent + 3 sub-rows for charter/ownership/structure) is parent + sub-criteria pattern. PRI C1/C2/C3 are framed as 'if Yes, does the definition rely on these three inclusive criteria?' — sub-rows are conditional on parent=true. No row-level signal that sub-rows depend on parent. [run2] DEF_PUBLIC_ENTITY (PRI C0: does the law include a definition?) and DEF_PUBLIC_ENTITY_OWNERSHIP / _STRUCTURE / _CHARTER (PRI C1/C2/C3: does the definition rely on these criteria?). The C1-C3 rows presuppose C0=Yes; if C0=No, all three sub-rows are `not_applicable` (or `not_addressed` per v1.3 status enum). Harness rule for cascade is implicit.",run1 note: Cluster has dependency that's not encoded; harness might populate sub-rows when parent is false. | run2 note: confidence: medium,both
50,DEF_PUBLIC_ENTITY,C5,wrong-domain,"[run1] Row in domain='registration'; per D11 conceptual line ('definitions = predicate on the agent — who is a lobbyist?'), 'public entity definition' is a predicate on entity-class identity. Borderline — D11 explicitly placed PUBLIC_ENTITY rows in registration as 'filing-architecture features' but the DEF_ prefix + entity-class-definition substance is a stronger fit for definitions. [run2] Row sits in `domain=""registration""` but is a definitional predicate (""Does the law include a definition of 'public entity'?"") — the v1.2 D11 test (""Does this answer 'who is a lobbyist?' or 'what does a lobbyist file?'"") arguably routes it to `definitions`. D11 framed `definitions` as predicates ""on the agent""; ""public entity"" is precisely such a predicate (organizations as agents). Appears to revisit D11.",run1 note: Appears to revisit D11 partially. | run2 note: confidence: medium; flag for Phase 1 adjudication.,both
51,DEF_PUBLIC_ENTITY_CHARTER,C1,axis-ambiguous-name,[run1] Same DEF_ prefix collision as DEF_PUBLIC_ENTITY. ID also lacks any verb signaling 'definition relies on charter test'.,tag-disagreement run1=axis-ambiguous-name / run2=name-misleading | run1 note: Cluster with DEF_PUBLIC_ENTITY (parent).,tag-disagree
52,DEF_PUBLIC_ENTITY_CHARTER,C1,name-misleading,[run2] Same as #8.,tag-disagreement run1=axis-ambiguous-name / run2=name-misleading,tag-disagree
53,DEF_PUBLIC_ENTITY_CHARTER,C5,wrong-domain,[run1] Same as DEF_PUBLIC_ENTITY. [run2] Same as #5. Appears to revisit D11.,run1 note: Cluster. | run2 note: confidence: medium,both
54,DEF_PUBLIC_ENTITY_OWNERSHIP,C1,axis-ambiguous-name,[run1] Same DEF_ prefix collision; same noun-only ID.,tag-disagreement run1=axis-ambiguous-name / run2=name-misleading | run1 note: Cluster.,tag-disagree
55,DEF_PUBLIC_ENTITY_OWNERSHIP,C1,name-misleading,[run2] Same as #8 (DEF_* prefix vs registration domain).,tag-disagreement run1=axis-ambiguous-name / run2=name-misleading,tag-disagree
56,DEF_PUBLIC_ENTITY_OWNERSHIP,C5,wrong-domain,"[run1] Same as DEF_PUBLIC_ENTITY. [run2] Same as #4 — sub-criterion of the public-entity definition; sits in `registration`. If parent moves to `definitions`, three sub-criteria (`_OWNERSHIP`, `_STRUCTURE`, `_CHARTER`) move with it. Appears to revisit D11.",run1 note: Cluster. | run2 note: confidence: medium,both
57,DEF_PUBLIC_ENTITY_STRUCTURE,C1,axis-ambiguous-name,[run1] Same DEF_ prefix collision; same noun-only ID.,tag-disagreement run1=axis-ambiguous-name / run2=name-misleading | run1 note: Cluster.,tag-disagree
58,DEF_PUBLIC_ENTITY_STRUCTURE,C1,name-misleading,[run2] Same as #8.,tag-disagreement run1=axis-ambiguous-name / run2=name-misleading,tag-disagree
59,DEF_PUBLIC_ENTITY_STRUCTURE,C5,wrong-domain,[run1] Same as DEF_PUBLIC_ENTITY. [run2] Same as #5. Appears to revisit D11.,run1 note: Cluster. | run2 note: confidence: medium,both
60,DEF_TIME_STANDARD,C1,axis-ambiguous-name,"[run1] Same issue as DEF_EXPENDITURE_STANDARD: ID 'TIME_STANDARD' does not signal inclusion vs exemption framing. Description tightens to 'THRESHOLD axis (quantitative, inclusion-framed)'.","single-run flag, run1 only | run1 note: Pair with THRESHOLD_LOBBYING_TIME_PRESENT.",run1-only
61,DEF_TIME_STANDARD,C4,cross-row-overlap,[run1] Same asymmetry as DEF_EXPENDITURE_STANDARD: paired with THRESHOLD_LOBBYING_TIME_PRESENT but THRESHOLD_LOBBYING_TIME_VALUE is shared across inclusion/exemption framings. [run2] Same as #103 (paired with THRESHOLD_LOBBYING_TIME_PRESENT).,run1 note: Same. | run2 note: confidence: low; D11-aware,both
62,EXEMPT_GOVT_OFFICIAL_CAPACITY,C1,axis-ambiguous-name,"[run1] ID 'EXEMPT_GOVT_OFFICIAL_CAPACITY' could mean (a) exemption for officials acting in official capacity, or (b) definition exempts official-capacity activities. Description PRI B1 verbatim: 'Is there an exemption for government agencies and/or public officials acting within their official capacity?' Mild C1; description disambiguates well.",tag-disagreement run1=axis-ambiguous-name / run2=name-misleading | run1 note: Mild.,tag-disagree
63,EXEMPT_GOVT_OFFICIAL_CAPACITY,C1,name-misleading,"[run2] ID prefix `EXEMPT_*` distinguishes from `REG_*`/`PARITY_*`, and the field is conceptually an ""exemption exists"" boolean — but the row name suggests it's the exemption itself, not a question about the law providing one. Description is verbatim PRI B1's question and lands fine; the ID could read as data-about-an-exempt-entity rather than a meta-question.",tag-disagreement run1=axis-ambiguous-name / run2=name-misleading | run2 note: confidence: low,tag-disagree
64,EXEMPT_GOVT_OFFICIAL_CAPACITY,C2,description-narrower-than-rubric,[run2] Description `Is there an exemption for government agencies and/or public officials acting within their official capacity?.` is verbatim PRI B1. The trailing period is duplicated (`?.`) — minor formatting issue but signals a copy-from-rubric mechanical pattern across the entire PRI-derived corpus.,"single-run flag, run2 only | run2 note: confidence: low (but recurring pattern below)",run2-only
65,EXEMPT_GOVT_PARTIAL_RELIEF,C1,axis-ambiguous-name,"[run1] ID 'PARTIAL_RELIEF' is unusual phrasing; reads as 'partial relief from what?'. Description PRI B2 verbatim resolves it. [run2] ID `EXEMPT_GOVT_PARTIAL_RELIEF` suggests partial-relief mechanism existence, but does not pin the axis (is it about ""are agencies relieved"" or ""do agencies get partial vs full relief""?). PRI B2 frames it as a yes/no on relief existing, which the description carries; ID is ambiguous about whether it's a tier-question or a yes/no.",run1 note: Mild. | run2 note: confidence: low,both
66,FIN_EXPENDITURE_PER_ISSUE,C2,description-narrower-than-rubric,[run2] Description `Expenditure per issue.` — bare FOCAL 7.8. Doesn't specify granularity (per-bill? per-topic-cluster? aggregate per-issue-area?).,"single-run flag, run2 only | run2 note: confidence: low",run2-only
67,FIN_INCOME_PER_CLIENT,C3,cluster-asks-two-questions,"[run1] 4 cross-refs: FOCAL 7.2 (income per client), Newmark/Opheim 'disc_comp_by_employer' / 'disc_sources_of_income'. Newmark item is 'compensation broken down by employer' — closely aligned. Opheim 'sources of income' is broader (could include all income sources, not lobbying-only). [run2] framework_references: FOCAL 7.2 (lobbying income per client) + Newmark 2017/2005 `disc_comp_by_employer` (compensation broken down by employer) + Opheim `disc_sources_of_income` (""Sources of income""). Newmark anchors on *employer/client breakdown* of compensation; Opheim's ""sources of income"" is a much broader concept (could include grants, member dues, etc.). Cluster mixes per-client breakdown (specific) with sources-of-income (broad).",run1 note: Mild cluster cohesion concern. | run2 note: confidence: medium,both
68,FIN_TIME_SPENT_LOBBYING,C5,wrong-domain,"[run2] Row sits in `domain=""financial""` but is about *time*, not money. data_type is `numeric`. Could fit better in `reporting` — it's a per-filing numeric field.","single-run flag, run2 only | run2 note: confidence: medium",run2-only
69,FIN_TRADE_ASSOCIATION_DUES,C2,description-narrower-than-rubric,"[run2] Description `Expenditure on membership/sponsorship of organisations that lobby (eg, trade associations).` is verbatim FOCAL 7.9. Row title narrows to ""trade association dues"" but description doesn't enforce that narrowing — sponsorship of orgs that lobby is broader than association dues.","single-run flag, run2 only | run2 note: confidence: medium",run2-only
70,FREQ_LOBBYIST_ANNUAL,C2,description-narrower-than-rubric,"[run1] Description: 'Reporting frequency option: Annually.' Direction unclear — does 'option' mean state allows annual reporting, requires it, or merely that annual is an option among several? PRI E2h_v: 'reporting frequency: annually' — also direction-ambiguous. The boolean's semantics ('this state's lobbyist reporting cadence allows annual filing') is implicit.","single-run flag, run1 only | run1 note: Pattern across all FREQ_*_* rows; description style inherits PRI E1h/E2h sub-item shape.",run1-only
71,FREQ_LOBBYIST_MONTHLY,C2,description-narrower-than-rubric,[run1] Same FREQ_* pattern.,"single-run flag, run1 only | run1 note: Same.",run1-only
72,FREQ_LOBBYIST_MONTHLY,C3,cluster-asks-two-questions,"[run1] References include newmark_2005::freq_binary, opheim_1991::freq_binary, opensecrets_2022::timely_disclosure (compound freq schedule). Newmark/Opheim freq_binary is 'monthly during session OR (monthly both in/out)' as single binary — they don't separately ask about pure 'monthly'. The MERGE expression in dedup-map handles via disjunction across cadence rows. Storing freq_binary cross-ref directly on each cadence row arguably misattributes.","single-run flag, run1 only | run1 note: Same pattern across other FREQ_*_* cadence rows.",run1-only
73,FREQ_LOBBYIST_OTHER,C1,axis-ambiguous-name,[run1] ID 'FREQ_LOBBYIST_OTHER' (free-text catch-all). 'OTHER' alone in ID doesn't signal 'free-text catch-all for cadences not enumerated above'. [run2] Symmetric pair to #60.,run1 note: Mild. | run2 note: confidence: low,both
74,FREQ_LOBBYIST_OTHER,C2,description-narrower-than-rubric,[run1] Same FREQ_* pattern.,"single-run flag, run1 only | run1 note: Same.",run1-only
75,FREQ_LOBBYIST_QUARTERLY,C2,description-narrower-than-rubric,[run1] Same FREQ_* pattern.,"single-run flag, run1 only | run1 note: Same.",run1-only
76,FREQ_LOBBYIST_QUARTERLY,C3,cluster-asks-two-questions,[run1] Same freq_binary cross-ref pattern.,"single-run flag, run1 only | run1 note: Same.",run1-only
77,FREQ_LOBBYIST_SEMI_ANNUAL,C2,description-narrower-than-rubric,[run1] Same FREQ_* pattern.,"single-run flag, run1 only | run1 note: Same.",run1-only
78,FREQ_LOBBYIST_SEMI_ANNUAL,C3,cluster-asks-two-questions,[run1] Same freq_binary cross-ref pattern.,"single-run flag, run1 only | run1 note: Same.",run1-only
79,FREQ_LOBBYIST_TRI_ANNUAL,C2,description-narrower-than-rubric,[run1] Same FREQ_* pattern. [run2] Symmetric pair to #58.,run1 note: Same. | run2 note: confidence: low,both
80,FREQ_LOBBYIST_TRI_ANNUAL,C3,cluster-asks-two-questions,[run1] Same freq_binary cross-ref pattern.,"single-run flag, run1 only | run1 note: Same.",run1-only
81,FREQ_PRINCIPAL_ANNUAL,C2,description-narrower-than-rubric,[run1] Same FREQ_* pattern.,"single-run flag, run1 only | run1 note: Same.",run1-only
82,FREQ_PRINCIPAL_MONTHLY,C2,description-narrower-than-rubric,[run1] Same FREQ_* pattern.,"single-run flag, run1 only | run1 note: Same.",run1-only
83,FREQ_PRINCIPAL_MONTHLY,C3,cluster-asks-two-questions,[run1] Same freq_binary + OpenSecrets timely_disclosure cross-ref pattern.,"single-run flag, run1 only | run1 note: Same.",run1-only
84,FREQ_PRINCIPAL_OTHER,C1,axis-ambiguous-name,"[run1] Same as FREQ_LOBBYIST_OTHER. [run2] ID `FREQ_PRINCIPAL_OTHER` doesn't telegraph that this is a free-text catch-all on the cadence ordinal; ""OTHER"" reads as a category-name. data_type is `free_text` per CSV.",run1 note: Same. | run2 note: confidence: low,both
85,FREQ_PRINCIPAL_OTHER,C2,description-narrower-than-rubric,[run1] Same FREQ_* pattern.,"single-run flag, run1 only | run1 note: Same.",run1-only
86,FREQ_PRINCIPAL_QUARTERLY,C2,description-narrower-than-rubric,[run1] Same FREQ_* pattern.,"single-run flag, run1 only | run1 note: Same.",run1-only
87,FREQ_PRINCIPAL_QUARTERLY,C3,cluster-asks-two-questions,[run1] Same pattern.,"single-run flag, run1 only | run1 note: Same.",run1-only
88,FREQ_PRINCIPAL_SEMI_ANNUAL,C2,description-narrower-than-rubric,[run1] Same FREQ_* pattern.,"single-run flag, run1 only | run1 note: Same.",run1-only
89,FREQ_PRINCIPAL_TRI_ANNUAL,C2,description-narrower-than-rubric,"[run1] Same FREQ_* pattern. [run2] Description `Reporting frequency option: Tri-annually (linked with legislative calendar).` is verbatim PRI E1h_iii. Single-rubric row, no cluster; the description is fine on PRI's terms but doesn't disambiguate ""tri-annual"" (3x/year) from ""triennial"" (every 3 years) — a known statute-reading hazard.",run1 note: Same. | run2 note: confidence: low,both
90,PARITY_GOVT_AS_LOBBYIST,C2,description-narrower-than-rubric,[run1] Description verbatim PRI B3 plus stray period.,"single-run flag, run1 only; run 2 considered then retracted: retracted; carry to C4 cluster | run1 note: Same PRI-verbatim style.",run1-only
91,PARITY_GOVT_AS_LOBBYIST,C4,cross-row-overlap,[run2] PRI B-series (B1 → EXEMPT_GOVT_OFFICIAL_CAPACITY; B2 → EXEMPT_GOVT_PARTIAL_RELIEF; B3 → PARITY_GOVT_AS_LOBBYIST; B4 → PARITY_GOVT_AS_PRINCIPAL) ask four interrelated questions about the same statutory mechanism (government-agency exemption posture). PARITY_GOVT_AS_LOBBYIST and PARITY_GOVT_AS_PRINCIPAL particularly overlap with EXEMPT_GOVT_OFFICIAL_CAPACITY in structure; the harness has no disambiguation rule for which row a given exemption-mechanism statute populates.,"single-run flag, run2 only | run2 note: confidence: medium",run2-only
92,PARITY_GOVT_AS_PRINCIPAL,C2,description-narrower-than-rubric,[run1] Description verbatim PRI B4 plus stray period.,"single-run flag, run1 only | run1 note: Same.",run1-only
93,PARITY_GOVT_AS_PRINCIPAL,C4,cross-row-overlap,[run2] Pair to #33; same overlap structure.,"single-run flag, run2 only | run2 note: confidence: medium",run2-only
94,REG_BILL_SUBJECT_ON_REGISTRATION,C4,cross-row-overlap,"[run1] Pair with RPT_LOBBYIST_BILL_SPECIFIC / RPT_LOBBYIST_ISSUE_GENERAL. CPI Q5 is 'Bill/subject required on registration form'; the RPT_*_BILL_SPECIFIC / *_ISSUE_GENERAL rows are about bill/subject on *spending reports*. Different filing types but conceptually overlapping; the harness could plausibly populate both rows when a state's statute is structured as 'bill numbers required on all filings'. [run2] REG_BILL_SUBJECT_ON_REGISTRATION (CPI Q5: bill/subject on the *registration form*) vs RPT_LOBBYIST_BILL_SPECIFIC (PRI E2g_ii: bill on the *spending report*). Filing-shape distinct (registration vs report), but the harness must distinguish them.",run1 note: REG_ vs RPT_ prefixes do help distinguish but the bill/subject substance overlaps. | run2 note: confidence: medium,both
95,REG_EXECUTIVE_AGENCY,C1,axis-ambiguous-name,[run1] ID 'EXECUTIVE_AGENCY' does not signal whether row is about agencies *as registrants* (actor) or lobbying *of* exec agencies (target). Description 'Executive branch agencies.' is verbatim-PRI single-noun and resolves nothing. Per D9 the row is actor-axis (must register).,"single-run flag, run1 only | run1 note: Cross-row collision risk with DEF_ADMIN_AGENCY_LOBBYING_TRIGGER (target-axis). Chunk frame (definitions.md) flags this pair explicitly.",run1-only
96,REG_EXECUTIVE_AGENCY,C2,description-narrower-than-rubric,"[run1] Description 'Executive branch agencies.' is two-word PRI A6 verbatim noun phrase; fails to communicate the question 'must executive-branch agencies register?' that the row asks. Compounds with C1 axis-ambiguity. [run2] Description `Executive branch agencies.` — bare PRI A6. The handoff doc explicitly calls out this row as the *actor-axis* counterpart to DEF_ADMIN_AGENCY_LOBBYING_TRIGGER's *target-axis* — i.e., ""FDA staff lobbying Congress on behalf of FDA"" — but the row description does not encode that distinction.",run1 note: PRI-verbatim style across all REG_* A-series rows. | run2 note: confidence: high; entangled w/ #28,both
97,REG_EXECUTIVE_AGENCY,C4,cross-row-overlap,"[run1] Pair with DEF_ADMIN_AGENCY_LOBBYING_TRIGGER (definitions). Both reference administrative/executive agencies; one is target-axis (DEF_), one is actor-axis (REG_). Names do not encode this distinction. Iter-1 disagreement on retirement_system regime is the textbook case; chunk frame definitions.md flags this pair explicitly.","single-run flag, run1 only | run1 note: Iter-1 reference example. Whichever row's name is renamed first owns the fix.",run1-only
98,REG_GOVERNORS_OFFICE,C2,description-narrower-than-rubric,[run1] Description 'Governor's office.' is two-word PRI A5 verbatim. [run2] Description `Governor's office.` — bare PRI A5.,run1 note: Same pattern. | run2 note: confidence: low,both
99,REG_GOVERNORS_OFFICE,C4,cross-row-overlap,"[run2] REG_GOVERNORS_OFFICE (PRI A5) vs REG_EXECUTIVE_AGENCY (PRI A6). The governor's office is structurally part of the executive branch. Hierarchical overlap; PRI 2010 cared about both because some states exempt only the office, not all agencies.","single-run flag, run2 only | run2 note: confidence: low",run2-only
100,REG_GOVT_LOBBYING_GOVT,C1,axis-ambiguous-name,[run1] ID phrase 'GOVT_LOBBYING_GOVT' is itself directionally awkward. PRI A10 'Government agencies who lobby other agencies' clarifies in expansion. The atomic ID alone reads as both target and actor.,"single-run flag, run1 only | run1 note: Description is one-line PRI verbatim; minimal disambiguation.",run1-only
101,REG_GOVT_LOBBYING_GOVT,C2,description-narrower-than-rubric,[run1] Description 'Government agencies who lobby other agencies.' restates PRI A10 noun phrase; lacks 'must register' question framing. [run2] Description `Government agencies who lobby other agencies.` is the actor-axis case the chunk-frame preamble for `definitions` cites as out-of-`definitions`-chunk. Row description does not reference DEF_ADMIN_AGENCY_LOBBYING_TRIGGER (target-axis counterpart) for harness disambiguation.,"run1 note: Same PRI-verbatim style. | run2 note: confidence: high; entangled w/ #1, #24",both
102,REG_GOVT_LOBBYING_GOVT,C4,cross-row-overlap,[run1] Triangulates with REG_EXECUTIVE_AGENCY and DEF_ADMIN_AGENCY_LOBBYING_TRIGGER. PRI A10 (govt-lobbying-govt) and A6 (executive branch agencies) share the agency-actor concept; the row REG_GOVT_LOBBYING_GOVT covers 'agencies as actors lobbying other agencies' which is more specific.,"single-run flag, run1 only | run1 note: Three-way scope overlap among PRI A6/A8/A10.",run1-only
103,REG_INDEPENDENT_AGENCY,C2,description-narrower-than-rubric,[run1] Description 'Independent agencies.' is two-word PRI A8 verbatim. [run2] Description `Independent agencies.` — bare PRI A8.,run1 note: Same pattern. | run2 note: confidence: low,both
104,REG_LEGISLATIVE_BRANCH,C2,description-narrower-than-rubric,[run1] Description 'Legislative branch.' is two-word PRI A7 verbatim. [run2] Description `Legislative branch.` — bare PRI A7.,run1 note: Same pattern. | run2 note: confidence: low,both
105,REG_LOBBYING_ACTIVITY_FORMS_SCOPE,C1,axis-ambiguous-name,[run1] ID '_FORMS_SCOPE' reads as 'scope of registration forms (paper)' but is actually 'scope of activity-forms counted as lobbying' (oral/written/electronic). Different concepts; the polysemy of 'forms' is the bug.,"single-run flag, run1 only | run1 note: Mild but real ID confusion.",run1-only
106,REG_LOBBYING_ACTIVITY_FORMS_SCOPE,C2,description-broader-than-rubric,"[run2] Description is verbatim FOCAL 1.4 listing ""oral, written, electronic, virtual communications; organising meetings for others; events; phone calls and emails."" Same translation issue as #75 — FOCAL list is illustrative, but row description doesn't say so.","single-run flag, run2 only | run2 note: confidence: medium",run2-only
107,REG_LOBBYING_FIRM,C2,description-narrower-than-rubric,[run1] Description 'Lobbying firms.' is two-word PRI A4 verbatim. [run2] Description `Lobbying firms.` — same shape as #19/#20.,run1 note: Same pattern. | run2 note: confidence: low,both
108,REG_LOBBYING_TARGETS_SCOPE,C2,description-broader-than-rubric,"[run1] Description verbatim FOCAL 1.3 with Westminster role names ('Ministers, Deputy Ministers, Director-Generals'). focal_2024_indicators.csv flags this: 'Westminster-centric role names; US-state application must translate to governor, lt. governor, legislators, agency heads, staff, etc.' Description retains UK/AUS terminology unfit for US-state application. [run2] Description is verbatim FOCAL 1.3 ""The following are included as targets of lobbying: legislative branches, executive branch officials, Ministers, Deputy Ministers..."" but US states do not have Ministers / Deputy Ministers / Director-Generals — those are Westminster-system terms. FOCAL was designed for international comparison; the row description carries the international taxonomy untranslated. data_type is `categorical` so the values are state-by-state, but the description implies a particular taxonomy.",run1 note: Curation note inherited from FOCAL extraction; not yet addressed. | run2 note: confidence: high,both
109,REG_LOBBYIST,C2,description-narrower-than-rubric,"[run1] Description is one-word PRI A1 verbatim ('Lobbyists.') — fails to communicate 'must lobbyists register?'. 6 framework_references span PRI A1, FOCAL 1.1, Newmark/Opheim/CPI def_legislative_lobbying. [run2] Row description is just `Lobbyists.` — bare word lifted from PRI A1 (""Lobbyists.""). framework_references span 6 rubrics with substantively different anchorings: PRI A1 (lobbyist-must-register), FOCAL 1.1 (registry coverage of *types* of lobbyists), Newmark 2017/2005/Opheim `def_legislative_lobbying` (legislative lobbying as definition criterion), Hired Guns Q3 (""Is a lobbyist required to file a registration form?""). The single-word description is too thin to disambiguate which question the row is the canonical home for. v2 audit folded `def_legislative_lobbying` here as universal-yes (Decision Log D2); the description does not tell the harness that.",run1 note: PRI-verbatim style pervasive across A-series rows. | run2 note: confidence: high,both
110,REG_LOBBYIST,C3,cluster-asks-two-questions,"[run1] 6 cross-refs mix 'must legislative lobbyists register?' (PRI A1, FOCAL 1.1, Hired Guns Q3) with 'def_legislative_lobbying' (Newmark/Opheim/Opheim-1991) which v2 audit (D2) classified as 'universal-yes; criterion ≈ existence of any lobbyist-registration regime'. Folding both questions onto one row is intentional per D2 but description gives no signal.","single-run flag, run1 only | run1 note: Appears consistent with D2 but description hides the merge.",run1-only
111,REG_LOBBYIST,C4,cross-row-overlap,"[run2] REG_LOBBYIST (lobbyist must register) vs REG_VOLUNTEER_LOBBYIST (volunteer-lobbyist must register) — REG_VOLUNTEER_LOBBYIST is a special-case modifier on REG_LOBBYIST. A statute that says ""all lobbyists, including volunteers, must register"" populates both. Harness rule for whether REG_VOLUNTEER_LOBBYIST is *only* about volunteer-specific carve-outs (yes-no on the carve-out existing) or about volunteer-lobbyists' registration in general is implicit.","single-run flag, run2 only | run2 note: confidence: medium",run2-only
112,REG_LOCAL_GOVERNMENT,C2,description-narrower-than-rubric,[run1] Description 'Local governments.' is two-word PRI A9 verbatim. [run2] Description `Local governments.` — bare PRI A9.,run1 note: Same pattern. | run2 note: confidence: low,both
113,REG_OTHER_PUBLIC_ENTITY,C2,description-narrower-than-rubric,"[run1] Description 'Public entities, other than government agencies.' is PRI A11 verbatim noun phrase. [run2] Description `Public entities, other than government agencies.` — bare PRI A11. Suffers same brevity as the rest of the A-series.",run1 note: Same pattern. | run2 note: confidence: low,both
114,REG_PRE_LOBBYING_REGISTRATION_WINDOW,C4,cross-row-overlap,"[run2] REG_PRE_LOBBYING_REGISTRATION_WINDOW (CPI Q4: days lobbying allowed before registration required) vs THRESHOLD_LOBBYING_TIME_PRESENT (PRI D2: fraction-of-compensated-time exemption). Both are time-related registration triggers. Decision Log (CPI Q4 entry) explicitly notes ""distinct from PRI D2"" — but the names alone don't telegraph that distinction.","single-run flag, run2 only | run2 note: confidence: medium",run2-only
115,REG_PRINCIPAL,C2,description-narrower-than-rubric,"[run1] Description 'Principals who employ a lobbyist.' is short PRI A3 verbatim; question 'must principals register?' is implicit. [run2] Description `Principals who employ a lobbyist.` is bare. framework_references include PRI A3, FOCAL 1.1, OpenSecrets `client_registers` (""Client identifiable in registration data""). OpenSecrets's question is about *whether the client appears in registration data* (data-architecture concern); PRI A3 is about *whether principals must register* (filing requirement). These are subtly different questions; row description picks PRI's framing without acknowledging the OS shading.",run1 note: Same pattern. | run2 note: confidence: medium,both
116,REG_PRINCIPAL,C4,cross-row-overlap,"[run2] REG_PRINCIPAL (PRI A3: principals must register) vs REG_LOBBYING_FIRM (PRI A4: lobbying firms must register). When a state's law is about lobbying-firm-as-principal (firm employs lobbyist), both fire.","single-run flag, run2 only | run2 note: confidence: low",run2-only
117,REG_REGISTRATION_RENEWAL_FREQUENCY,C4,cross-row-overlap,"[run2] REG_REGISTRATION_RENEWAL_FREQUENCY (CPI Q6: registration cadence) vs FREQ_LOBBYIST_* / FREQ_PRINCIPAL_* (PRI E*h_*: reporting cadence). Both are ""frequency"" rows; descriptions disambiguate, names overlap.","single-run flag, run2 only | run2 note: confidence: medium",run2-only
118,REG_SEPARATE_LOBBYIST_CLIENT_FILINGS,C2,description-broader-than-rubric,"[run1] Description: 'State requires the client/principal to file a registration independently (cleaner data architecture) rather than embedding client identification within the lobbyist's registration.' OpenSecrets source 'lobbyist_client_separate' is per-paper a 5-tier scoring scale (separate filings / joint / client-only / etc.). Compendium row is boolean — narrower than the 5-tier scale. [run2] Description `State requires the client/principal to file a registration independently (cleaner data architecture) rather than embedding client identification within the lobbyist's registration.` includes editorial assessment (""cleaner data architecture"") that goes beyond what OpenSecrets's binary asks. The OS rubric is value-judgment about data quality; the row description should report-not-rate.",run1 note: Source-tier-info lost in boolean. | run2 note: confidence: medium,both
119,REG_SEPARATE_LOBBYIST_CLIENT_FILINGS,C4,cross-row-overlap,"[run2] This row asks about filing-architecture separation (client/principal files independently). REG_PRINCIPAL (PRI A3, ""Principals who employ a lobbyist must register"") asks about whether principals must register at all. A statute that requires principal registration in a *separate* filing would populate both. Harness rule for distinguishing them lives in description, not ID.","single-run flag, run2 only | run2 note: confidence: medium",run2-only
120,REG_VOLUNTEER_LOBBYIST,C2,description-narrower-than-rubric,"[run1] Description 'Volunteer lobbyists.' is two-word PRI A2 verbatim; does not convey the question. [run2] Description is `Volunteer lobbyists.` — same shape as #19. PRI A2 was a single-token criterion; the description inherits PRI's brevity, leaving the harness without scoping (e.g., do volunteer lobbyists for nonprofits qualify? does ""volunteer"" mean uncompensated only?). Sits across PRI A2 and FOCAL 1.1's broader ""types"" claim.",run1 note: Same PRI-verbatim pattern. | run2 note: confidence: medium,both
121,REL_BOARD_SEATS,C2,description-narrower-than-rubric,"[run2] Description `List of board seats held (eg, in associations, companies).` — bare FOCAL 6.3. Doesn't say *whose* board seats (lobbyist's? principal's? both?).","single-run flag, run2 only | run2 note: confidence: medium",run2-only
122,RPT_EXPENDITURE_FORMAT_GRANULARITY,C2,description-narrower-than-rubric,"[run1] Description: 'Expenditure format granularity.' Three-word terse description. Sources include sunlight_2015::expenditure_format_granularity (a 4-tier ordinal: itemized w/dates+desc / categorized / lump / none). Row data_type is categorical. The 4-tier scale isn't enumerated in the description. [run2] Description `Expenditure format granularity.` is two words. framework_references span Sunlight (ordinal scale -1..2 with explicit tiers), Newmark 2017/2005 (`disc_categories_expenditures`), Opheim (`disc_spending_by_category`), Hired Guns Q14 (""Are summaries of spending classified by category types?""). Sunlight's ordinal is much richer than Newmark/Opheim's binary ""are categories disclosed"". Row description doesn't communicate that the data_type is `categorical` (per CSV) and what the ordinal means.",run1 note: Categorical row should enumerate categories. | run2 note: confidence: high,both
123,RPT_EXPENDITURE_FORMAT_GRANULARITY,C4,cross-row-overlap,"[run2] Other end of #49/#50 cross-row overlap. RPT_EXPENDITURE_FORMAT_GRANULARITY's description is bare (""Expenditure format granularity."") and offers no rule for how it relates to the side-specific itemized rows.","single-run flag, run2 only | run2 note: confidence: medium",run2-only
124,RPT_EXPENDITURE_ITEMIZATION_THRESHOLD,C2,description-misscoped,"[run2] Description `Threshold below which expenditure itemization is not required.` matches Sunlight's concept but Hired Guns Q15 (""What spending must be itemized?"") is differently framed — Q15 asks about the rule for itemization scope, not specifically a dollar threshold. Q15 admits answer values that aren't dollar thresholds (e.g., ""any expenditure over $X must be itemized"" vs ""all itemized"" vs ""no itemization required"").","single-run flag, run2 only | run2 note: confidence: medium",run2-only
125,RPT_HOUSEHOLD_OF_OFFICIAL_SPENDING,C4,cross-row-overlap,"[run2] RPT_HOUSEHOLD_OF_OFFICIAL_SPENDING (CPI Q21: household of official) overlaps with RPT_PRINCIPAL_OTHER_COSTS / RPT_LOBBYIST_OTHER_COSTS (PRI E*f_iii: gifts/entertainment/transport/lodging) — household is a refinement (recipients of ""other costs"" extended to household). Statutes that simply say ""spending on officials and family members"" plausibly populate both.","single-run flag, run2 only | run2 note: confidence: medium",run2-only
126,RPT_ITEMIZED_RECIPIENT,C2,description-misscoped,"[run2] Description `Lobbyist must identify the legislator (or staff/family member) who received/benefited from each itemized expenditure.` narrows CPI Q17's ""recipient of the itemized expenditure"" to ""legislator (or staff/family member)"" — but Q17 is open-ended on recipient identity (could be executive officials, agency staff, etc.). Row title is ""(legislator / staff / family)"" — same narrowing in title.","single-run flag, run2 only | run2 note: confidence: medium",run2-only
127,RPT_LOBBYIST_BILL_SPECIFIC,C3,cluster-asks-two-questions,[run1] 5 cross-refs include sunlight_2015::activity (4-tier ordinal: bill+position / bill / general / nothing) and Newmark 'disc_seeking_to_influence' (broader: 'seeking to influence legislation OR administrative action'). Sunlight tier collapses bill+position; Newmark item is broader-than-bill-specific. v2 audit MERGE'd via 4-row disjunction (D17-equivalent). Cluster bundles a tier with a sub-tier and a broader item.,"single-run flag, run1 only | run1 note: Same Sunlight-activity-tier pattern repeats on issue/principal variants.",run1-only
128,RPT_LOBBYIST_COMPENSATION,C3,cluster-asks-two-questions,"[run1] 9 framework_references: PRI E2f_i (boolean), Sunlight expenditure_transparency (4-tier itemization ordinal), Sunlight compensation (yes/no), Newmark disc_total_compensation, Opheim disc_total_income, Hired Guns Q13, OpenSecrets compensation, FOCAL 7.1 (Total lobbying income for consultant lobbyists/firms). Sunlight expenditure_transparency 4-tier is structurally distinct from a yes/no 'is comp disclosed?' boolean. FOCAL 7.1 is consultant-firm-side (not all lobbyists). Cluster bundles boolean with ordinal-tier and consultant-specific. [run2] framework_references include PRI E2f_i (lobbyist compensation), FOCAL 7.1 (total lobbying income for consultants/firms), Sunlight `expenditure_transparency` + `compensation`, Newmark 2017/2005 `disc_total_compensation`, Opheim `disc_total_income`, Hired Guns Q13, OpenSecrets `compensation`. The cluster spans: (a) lobbyist *compensation* received (income-side); (b) lobbyist *expenditure on lobbying* via the same line item (expenditure-side, since on a consultant's report, compensation is spending). FOCAL 7.1 is income-side; Sunlight's `expenditure_transparency` is expenditure-side. Cluster bundles two structurally different questions.",run1 note: Largest cross-ref count (9). | run2 note: confidence: medium,both
129,RPT_LOBBYIST_CONTACTS_LOGGED,C2,description-narrower-than-rubric,[run1] Description verbatim PRI E2i: 'Are lobbyists required to disclose contacts?.' (sic). Notes field clarifies gate semantics ('Gate item: presence of any engagement entry = contacts disclosed') but description doesn't reflect that gate framing. [run2] Description `Are lobbyists required to disclose contacts?` is verbatim PRI E2i but is the *gate* row for the contact_log domain (notes field says so explicitly). Description doesn't acknowledge that the answer to this row implies whether any of the 11 CONTACT_* downstream rows can be populated.,run1 note: PRI-verbatim with stray period. | run2 note: confidence: medium,both
130,RPT_LOBBYIST_CONTRACT_TYPE,C2,description-narrower-than-rubric,"[run1] Description: 'Type of lobbyist contract (eg, salaried staff, contracted).' (FOCAL 4.6 verbatim). References Hired Guns Q10 which is broader: 'compensated/non-compensated, salaried/contracted on registration'. FOCAL is narrower (contract type only); Q10 is two-axis (compensation status + contract type).","single-run flag, run1 only | run1 note: Mild.",run1-only
131,RPT_LOBBYIST_CONTRACT_TYPE,C3,cluster-asks-two-questions,"[run2] framework_references: FOCAL 4.6 (""Type of lobbyist contract, eg, salaried staff, contracted"") + Hired Guns Q10 (""Is a lobbyist required to include on the registration form additional information about the type of lobbying work he or she does?""). Q10 is broader (""type of lobbying work""); FOCAL 4.6 is contract-type specifically. Mismatch.","single-run flag, run2 only | run2 note: confidence: medium",run2-only
132,RPT_LOBBYIST_GATE,C2,description-narrower-than-rubric,"[run1] Description 'Are lobbyists required to disclose?.' (sic, with literal extra period) is verbatim PRI E2a question text. Functional but the row is a 'gate' for the entire E2 series; description doesn't communicate gate-vs-individual-field structure.","single-run flag, run1 only | run1 note: Pattern: many RPT_* rows have PRI verbatim question with stray punctuation.",run1-only
133,RPT_LOBBYIST_ISSUE_GENERAL,C3,cluster-asks-two-questions,[run1] Same Sunlight-activity-tier + Newmark-broader pattern as RPT_LOBBYIST_BILL_SPECIFIC.,"single-run flag, run1 only | run1 note: Same.",run1-only
134,RPT_LOBBYIST_ITEMIZED,C4,cross-row-overlap,[run2] Symmetric pair to #49.,"single-run flag, run2 only | run2 note: confidence: medium",run2-only
135,RPT_LOBBYIST_NON_COMPENSATION,C2,description-broader-than-rubric,"[run1] Description verbatim PRI E2f_ii ('Indirect lobbying costs (non-compensation)'). References Sunlight expenditure_transparency 4-tier — applies to expenditure granularity overall, not narrowly to non-compensation. Cross-ref appears too-broad.",tag-disagreement run1=description-broader-than-rubric / run2=description-narrower-than-rubric | run1 note: Sunlight tier pattern fans out across many comp/non-comp/other-costs/itemized rows.,tag-disagree
136,RPT_LOBBYIST_NON_COMPENSATION,C2,description-narrower-than-rubric,"[run2] Description `Required component of disclosure report: Indirect lobbying costs (non-compensation).` is verbatim PRI E2f_ii. Sunlight `expenditure_transparency` (an ordinal) is the only other ref; its mapping to E2f_ii is via the dedup map's disjunction, not a direct equivalence.",tag-disagreement run1=description-broader-than-rubric / run2=description-narrower-than-rubric | run2 note: confidence: low,tag-disagree
137,RPT_LOBBYIST_OTHER_COSTS,C2,description-broader-than-rubric,[run2] Symmetric pair to #44. Same mix of cost-category framing (PRI) vs recipient framing (Newmark/Opheim).,"single-run flag, run2 only | run2 note: confidence: high",run2-only
138,RPT_LOBBYIST_OTHER_COSTS,C3,cluster-asks-two-questions,"[run1] 5 cross-refs: PRI E2f_iii (gifts/entertainment/transport/lodging), Sunlight expenditure_transparency tier (broader: itemization granularity), Newmark/Opheim disc_exp_benefitting_officials/employees (narrower scope: officials-benefitting only), Hired Guns Q23_reported (PARTIAL per D7: gift-disclosure-half only). Multi-rubric refs span partly-overlapping concepts; row aggregates.","single-run flag, run1 only | run1 note: Compounds with C2 description-broader (Sunlight tier) and Newmark narrower (officials-only).",run1-only
139,RPT_LOBBYIST_PRINCIPAL_CONTACT,other-issue,other-issue,"[run1] Notes field acknowledges architectural tension: 'Lobbyist contact info is on the registration record, not the principal's filing.' Row is in reporting domain but the data lives on registration. Compounds the C4 risk that REG_*-side and RPT_*-side rows overlap.","single-run flag, run1 only | run1 note: Architectural; surface to Phase 1.",run1-only
140,RPT_LOBBYIST_PRINCIPAL_NAMES,C1,axis-ambiguous-name,[run2] Symmetric pair to #42.,"single-run flag, run2 only | run2 note: confidence: low",run2-only
141,RPT_LOBBYIST_PRINCIPAL_NAMES,C3,cluster-asks-two-questions,"[run1] 4 cross-refs: PRI E2c (lobbyist's principal names on lobbyist report), FOCAL 4.1 (full names of lobbyists/orgs), FOCAL 6.1 (Client list under Relationships), Hired Guns Q9 (identify each employer by name on registration). FOCAL 6.1 is 'Client list (for all consultant lobbyists and firms)' — a relationship-domain item different scope from per-report principal listing. [run2] framework_references: PRI E2c (names of principals represented), FOCAL 4.1 (full names of lobbyists/orgs), FOCAL 6.1 (client list for consultant lobbyists/firms), FOCAL 7.4 (number of lobbyists employed/contracted), Hired Guns Q9 (identify employer by name on registration). The cluster mixes principal-names (E2c, FOCAL 6.1) with *lobbyist* names (FOCAL 4.1) — they're different parties. FOCAL 4.1 is about lobbyist names specifically; this row is about *the lobbyist's report listing principals*. Cross-loaded reference.",run1 note: Cluster bundles report-side | run2 note: confidence: medium,both
142,RPT_LOBBYIST_PRINCIPAL_NAMES,C4,cross-row-overlap,"[run1] Pair with REG_LOBBYIST: REG_LOBBYIST is registration-side ('lobbyist must register' which implicitly requires identifying principals); RPT_LOBBYIST_PRINCIPAL_NAMES is per-report 'list of principals'. In states where the registration form itself includes the principal list, a single statutory provision populates both rows.","single-run flag, run1 only | run1 note: Filing-level vs report-level distinction not in IDs.",run1-only
143,RPT_LOBBYIST_PRINCIPAL_NATURE,C2,rubric-source-ambiguous,[run1] Description PRI E2e: 'Are lobbyists required to disclose the nature of the principal's business (public or private)?' is direction-ambiguous: 'public/private' could mean public-vs-private-sector OR public-disclosure-status. PRI 2010's coding context suggests sector (public-sector vs private-sector). Mild.,"single-run flag, run1 only | run1 note: Mild.",run1-only
144,RPT_LOBBYIST_PRINCIPAL_NATURE,C4,cross-row-overlap,[run2] Symmetric pair to #128.,"single-run flag, run2 only | run2 note: confidence: low",run2-only
145,RPT_OFFICIAL_DIARY_DISCLOSURE,C2,description-narrower-than-rubric,"[run2] Description `Ministerial diaries are disclosed monthly (or more frequently).` uses the Westminster term ""ministerial."" US-state translation is ""executive officials' diaries / calendars"". Row title says ""(calendars / meeting logs)"" but description doesn't.","single-run flag, run2 only | run2 note: confidence: medium",run2-only
146,RPT_OFFICIAL_DIARY_DISCLOSURE,C4,cross-row-overlap,"[run1] Pair with ACC_DIARIES_ONLINE: both about lobbyist/official diaries; one in contact_log (FOCAL 2.3 monthly cadence) one in accessibility (FOCAL 3.2 online availability). The two rows could plausibly fire on the same statutory provision. [run2] RPT_OFFICIAL_DIARY_DISCLOSURE (contact_log) vs ACC_DIARIES_ONLINE (accessibility) vs ACC_ACTIVITY_DISCLOSURE_FRESHNESS (accessibility). Three rows touching diary/calendar disclosure; cross-domain by design but harness rule for which row a state's ""diary publication mandate"" populates is implicit.",run1 note: Cross-domain pair. | run2 note: confidence: medium,both
147,RPT_OFFICIAL_DIARY_DISCLOSURE,C5,wrong-domain,"[run1] Row sits in domain='contact_log' but FOCAL 2.3 source ('Ministerial diaries are disclosed monthly (or more frequently)') is in FOCAL Timeliness category, not Contact log. Description is about cadence/freshness; closer fit is accessibility (timeliness). Pairs with ACC_DIARIES_ONLINE which is in accessibility. [run2] Row sits in `domain=""contact_log""` but its substance is ""do officials disclose their meeting calendars?"" — i.e., it's a *targets* requirement, not a *lobbyist's* contact log. The 11 other CONTACT_* rows in `contact_log` are about lobbyist-side per-meeting fields. RPT_OFFICIAL_DIARY_DISCLOSURE is structurally different — it's about ministerial transparency obligations imposed on officials. Could fit better in a new domain or in `accessibility` (since it tracks portal-published diaries).",run1 note: Possible cross-row C4 with ACC_DIARIES_ONLINE. | run2 note: confidence: medium,both
148,RPT_ORG_REGISTRATION_NUMBER,C2,description-narrower-than-rubric,"[run2] Description `Company registration number.` is FOCAL 4.4. Row title says ""(Sec-of-State entity ID or EIN)"" — i.e., the implementing concept varies by jurisdiction. Description doesn't say this.","single-run flag, run2 only | run2 note: confidence: low",run2-only
149,RPT_POSITION_TAKEN,C2,description-broader-than-rubric,[run1] Description: 'Position taken on each bill or item lobbied (support/oppose).' Sources sunlight_2015::position_taken (the 2-point top tier of Sunlight 'Lobbyist Activity' — combines 'bill discussed AND position taken') and opheim_1991::disc_legislation_supported_opposed. Sunlight's position_taken is not a standalone — no state can have position-taken without bill-specific in Sunlight's tier system. Compendium row treats it as standalone-distinct.,"single-run flag, run1 only | run1 note: C4 candidate; tier-vs-atomic split.",run1-only
150,RPT_POSITION_TAKEN,C4,cross-row-overlap,[run1] Pair with RPT_LOBBYIST_BILL_SPECIFIC. Sunlight Activity tier collapses (bill+position) into one tier; splitting into two compendium rows is a curation choice but the rows can both fire on the same statutory provision (a state requiring 'bill number AND position taken' populates BOTH).,"single-run flag, run1 only | run1 note: Acceptable per curation but worth flagging.",run1-only
151,RPT_POSITION_TAKEN,C5,wrong-domain,"[run2] Sits in `domain=""reporting""` but the substance (""Position taken on each bill or item lobbied"") is per-engagement / per-bill data — could fit `contact_log` if the state surfaces it per-meeting. Given Sunlight's framing (per-filing), `reporting` is defensible; flag as low-confidence pending Phase 1 review of domain semantics.","single-run flag, run2 only | run2 note: confidence: low",run2-only
152,RPT_PRINCIPAL_BILL_SPECIFIC,C3,cluster-asks-two-questions,[run1] Same pattern.,"single-run flag, run1 only | run1 note: Same.",run1-only
153,RPT_PRINCIPAL_BUSINESS_NATURE,C4,cross-row-overlap,"[run2] RPT_PRINCIPAL_BUSINESS_NATURE (PRI E1e: principal's business public/private) and the lobbyist-side counterpart RPT_LOBBYIST_PRINCIPAL_NATURE (PRI E2e: lobbyist reports principal's business nature) are symmetric. Description framing is identical but for ""lobbyist required to disclose"" vs ""principal required to disclose"".","single-run flag, run2 only | run2 note: confidence: low",run2-only
154,RPT_PRINCIPAL_COMPENSATION,C3,cluster-asks-two-questions,[run1] 7 cross-refs include Sunlight expenditure_transparency tier and FOCAL 7.6 ('Total lobbying expenditure (both in-house and consulting)'). FOCAL 7.6 is total-expenditure (not principal-side comp specifically); Sunlight's tier is granularity (not compensation specifically). Cluster bundles principal-comp with total-expenditure with tier ordinal. [run2] Symmetric pair to #54: PRI E1f_i (principal report's compensation paid out) + FOCAL 7.6/7.7 (totals/uncompensated split) + Sunlight + Hired Guns Q27 + OpenSecrets. Same kind of cluster spread.,run1 note: Same pattern as RPT_LOBBYIST_COMPENSATION. | run2 note: confidence: medium,both
155,RPT_PRINCIPAL_CONTACTS_LOGGED,C2,description-narrower-than-rubric,[run1] Same PRI E1i pattern. [run2] Symmetric pair to #47.,run1 note: Same. | run2 note: confidence: medium,both
156,RPT_PRINCIPAL_FINANCIAL_CONTRIBUTORS,C2,description-misscoped,[run1] Beyond cluster: PRI E1j is principal-side and asks 'major financial contributors'. Folding Opheim 'other influence peddling' (D6 borderline) is a misscoping — Opheim's catch-all is structurally a different question (influence-peddling activities) than 'who funds the principal'. Also FOCAL 7.3 is broader (income sources).,tag-disagreement run1=description-misscoped / run2=description-narrower-than-rubric | run1 note: Reaffirms D6 borderline call.,tag-disagree
157,RPT_PRINCIPAL_FINANCIAL_CONTRIBUTORS,C2,description-narrower-than-rubric,"[run2] Description `Are principals required to disclose major financial contributors?` is verbatim PRI E1j but the framework_references stretch the row across FOCAL 6.2/7.3, Newmark `disc_contribs_received`, and Opheim's catch-all `disc_other_influence_peddling`. (See cluster concern #46.) Description should at minimum point to the catch-all D6 fold so the harness knows multiple very-different rubric questions land here.",tag-disagreement run1=description-misscoped / run2=description-narrower-than-rubric | run2 note: confidence: medium,tag-disagree
158,RPT_PRINCIPAL_FINANCIAL_CONTRIBUTORS,C3,cluster-asks-two-questions,"[run1] 5 framework_references: PRI E1j (principal-side major contributors disclosure), FOCAL 6.2 (Names of all sponsors or members), FOCAL 7.3 (Income sources eg including government agencies, grant-making foundations, companies), Newmark disc_contribs_received, Opheim disc_other_influence_peddling. v2 audit D6 explicitly classified Opheim cross-ref as 'too vague to commit to a single row' and folded as 'closest existing match' — concrete C3 evidence. [run2] framework_references include PRI E1j (major financial contributors), FOCAL 6.2 (sponsors/members), FOCAL 7.3 (income sources + amount), Newmark 2017 `disc_contribs_received` (contributions received from others for lobbying), Opheim `disc_other_influence_peddling` (the catch-all). Five rubric items spanning three substantively different questions: (a) who funds the principal's lobbying (PRI E1j, Newmark, FOCAL 7.3), (b) who funds the principal as a member organization (FOCAL 6.2 sponsors/members), and (c) Opheim's catch-all ""other influence peddling"" (D6 acknowledged this is a stretch). Cluster is doing too much.",run1 note: Appears to revisit D6. | run2 note: confidence: high,both
159,RPT_PRINCIPAL_FINANCIAL_CONTRIBUTORS,C5,wrong-domain,"[run2] Sits in `domain=""reporting""`. Per FOCAL 6.2 + 7.3 framework_references, this is about funder/sponsor identity. data_type is `boolean`; substance is funding-source identity. Could fit `financial` domain (alongside FIN_INCOME_PER_CLIENT). Flag for Phase 1 review of domain semantics.","single-run flag, run2 only | run2 note: confidence: medium",run2-only
160,RPT_PRINCIPAL_FINANCIAL_CONTRIBUTORS,other-issue,other-issue,"[run1] Notes field on row says 'No clean LobbyingFiling field today; would surface as a separate financial_contributors[] disclosure if added.' Architectural note about LobbyingFiling schema, not a curation issue per se — but worth flagging that downstream filing-extraction shape isn't ironed out.","single-run flag, run1 only | run1 note: Architectural; not Phase 1 curation.",run1-only
161,RPT_PRINCIPAL_GATE,C1,name-misleading,"[run2] ID `RPT_PRINCIPAL_GATE` suggests a gate-on-the-principal (e.g., a registration gate), but the row is ""Principal must file disclosure report"" — i.e., the gate is on *whether the principal must file at all*. Description (""Are principals required to disclose?"") matches PRI E1a but ID's ""GATE"" usage isn't anchored anywhere.","single-run flag, run2 only | run2 note: confidence: low",run2-only
162,RPT_PRINCIPAL_GATE,C2,description-narrower-than-rubric,[run1] Description 'Are principals required to disclose?.' (sic). Same pattern as RPT_LOBBYIST_GATE.,"single-run flag, run1 only | run1 note: Same pattern.",run1-only
163,RPT_PRINCIPAL_ISSUE_GENERAL,C3,cluster-asks-two-questions,[run1] Same pattern.,"single-run flag, run1 only | run1 note: Same.",run1-only
164,RPT_PRINCIPAL_ITEMIZED,C4,cross-row-overlap,"[run2] RPT_PRINCIPAL_ITEMIZED (PRI E1f_iv: itemized vs lump-sum) is conceptually a binary on whether the principal report is itemized. RPT_EXPENDITURE_FORMAT_GRANULARITY (Sunlight ordinal -1..2: no/lump/broad-categories/itemized-w-dates) is a richer ordinal on the same axis. Both rows can plausibly fire on a ""is the report itemized?"" statute reading.","single-run flag, run2 only | run2 note: confidence: medium",run2-only
165,RPT_PRINCIPAL_LOBBYIST_NAMES,C1,axis-ambiguous-name,"[run2] ID could read as ""lobbyist names that the principal lists"" (correct) or ""principal-lobbyist-names"" as an entity type. Description is clear; ID is ambiguous.","single-run flag, run2 only | run2 note: confidence: low",run2-only
166,RPT_PRINCIPAL_LOBBYIST_NAMES,C3,cluster-asks-two-questions,"[run1] 3 cross-refs: PRI E1c, FOCAL 4.1, FOCAL 7.4 (Number of lobbyists employed/contracted under Financials). FOCAL 7.4 is a count-of-lobbyists indicator — not a names-list disclosure question. [run2] framework_references: PRI E1c (principal lists representing lobbyists), FOCAL 4.1 (full names of lobbyists/orgs), FOCAL 7.4 (number of lobbyists employed/contracted). FOCAL 4.1 ambiguously straddles ""lobbyist's name on lobbyist registration"" and ""lobbyist's name on principal's list"" — same as #143.",run1 note: Cluster bundles names-disclosure with employed-count question. | run2 note: confidence: medium,both
167,RPT_PRINCIPAL_NON_COMPENSATION,C2,description-broader-than-rubric,[run1] Same Sunlight tier pattern; also FOCAL 7.6 (Total lobbying expenditure) and FOCAL 7.7 ('Compensated/uncompensated lobbying activities'). FOCAL 7.6 + 7.7 both broader than 'principal report includes indirect costs' (PRI E1f_ii).,tag-disagreement run1=description-broader-than-rubric / run2=description-narrower-than-rubric | run1 note: Same.,tag-disagree
168,RPT_PRINCIPAL_NON_COMPENSATION,C2,description-narrower-than-rubric,[run2] Symmetric pair to #56.,tag-disagreement run1=description-broader-than-rubric / run2=description-narrower-than-rubric | run2 note: confidence: low,tag-disagree
169,RPT_PRINCIPAL_OTHER_COSTS,C2,description-broader-than-rubric,"[run2] Description `Required component of disclosure report: Other costs such as gifts, entertainment, transportation, and lodging.` is verbatim PRI E1f_iii. Row's framework_references add Newmark 2017/2005's `disc_exp_benefitting_officials` (""Expenditures benefitting public officials or employees"") and Opheim's `disc_exp_benefitting_employees` (""Expenditures benefitting public employees including gifts"") — substantively narrower than ""other costs"" (Newmark/Opheim are about *recipient* of the expenditure, not the cost category). Plus FOCAL 7.10 (""Expenditures benefitting public officials or employees...""). The row mixes ""cost category"" framing (PRI) with ""recipient framing"" (Newmark/Opheim/FOCAL); description privileges PRI framing.","single-run flag, run2 only | run2 note: confidence: high",run2-only
170,RPT_PRINCIPAL_OTHER_COSTS,C3,cluster-asks-two-questions,"[run1] 8 cross-refs (largest after RPT_LOBBYIST_COMPENSATION). Same multi-rubric scope-mismatch as RPT_LOBBYIST_OTHER_COSTS plus FOCAL 7.6/7.10. FOCAL 7.10 is 'Expenditures benefiting public officials or employees including financial/non-financial gifts and support, employer/principal on whose behalf expenses were made' — an itemized-benefit-recipient question that arguably belongs at RPT_ITEMIZED_RECIPIENT or RPT_HOUSEHOLD_OF_OFFICIAL_SPENDING.","single-run flag, run1 only | run1 note: FOCAL 7.10 fans across multiple rows.",run1-only
171,RPT_SECTOR_DISCLOSED,C4,cross-row-overlap,[run2] RPT_SECTOR_DISCLOSED (FOCAL 4.5: sector/sub-sector disclosed in filing) and ACC_SORT_BY_SECTOR / ACC_SORT_BY_SUB_SECTOR (PRI Q7n/Q7o: portal filterability by sector). Cross-domain pair (RPT vs ACC); flag for cross-domain consistency review.,"single-run flag, run2 only | run2 note: confidence: low",run2-only
172,THRESHOLD_LOBBYING_EXPENDITURE_PRESENT,C1,axis-ambiguous-name,"[run1] ID '*_PRESENT' suggests boolean 'is a threshold present?' which on its face captures both inclusion- and exemption-framed thresholds. Per D11 addendum (2026-05-01) this row is exemption-framed only; inclusion-framed counterpart is DEF_EXPENDITURE_STANDARD. Direction not in ID. [run2] ID `THRESHOLD_LOBBYING_EXPENDITURE_PRESENT` does not telegraph that this is the *exemption-framed* counterpart to `DEF_EXPENDITURE_STANDARD` (inclusion-framed). The two rows are deliberately distinct (D11 disambiguation rule), but on ID alone they look like the same row split by accident. Description carries the burden.",run1 note: D11 disambiguation rule explicitly tightens descriptions but leaves IDs alone. | run2 note: confidence: medium,both
173,THRESHOLD_LOBBYING_EXPENDITURE_PRESENT,C3,cluster-asks-two-questions,"[run2] framework_references include PRI D1_present (statute exempts expenses < $X), FOCAL 1.2 (""no/low financial-or-time threshold""), Hired Guns Q2_expenditure (""expenditure portion of CPI Q2 qualification threshold""). PRI D1_present is exemption-framed; FOCAL 1.2 is a polarity-flipped value-judgment (""no/low threshold is good""); Hired Guns Q2_expenditure is qualification-threshold (inclusion-flavored). Three different framings on one row — D11 nominally resolved this by tightening descriptions (""exemption-framed only""), but the framework_references cluster spans inclusion + exemption.","single-run flag, run2 only | run2 note: confidence: medium; appears to revisit D11.",run2-only
174,THRESHOLD_LOBBYING_EXPENDITURE_PRESENT,C5,wrong-domain,"[run2] Sits in `registration`; D11 placed it there because ""exemption-framed thresholds are registration gates."" But the row is a predicate on whether the agent counts as a lobbyist (the exemption result is ""you don't have to file"") — same conceptual layer as `DEF_EXPENDITURE_STANDARD`, which D11 placed in `definitions`. Appears to revisit D11; the conceptual line ""predicate on the agent ↔ definitions"" applies to both rows in the inclusion/exemption pair.","single-run flag, run2 only | run2 note: confidence: medium; appears to revisit D11.",run2-only
175,THRESHOLD_LOBBYING_EXPENDITURE_VALUE,C1,axis-ambiguous-name,[run2] ID `THRESHOLD_LOBBYING_EXPENDITURE_VALUE` doesn't telegraph that this is the dollar number associated with the boolean THRESHOLD_LOBBYING_EXPENDITURE_PRESENT. Pair convention `_PRESENT`/`_VALUE` is internal — not greppable from outside.,"single-run flag, run2 only | run2 note: confidence: low",run2-only
176,THRESHOLD_LOBBYING_EXPENDITURE_VALUE,C2,description-narrower-than-rubric,"[run2] Description `Dollar value of the lobbying-expenditure threshold (whether framed as inclusion or exemption).` claims the row covers both framings, but the *paired* boolean row (THRESHOLD_LOBBYING_EXPENDITURE_PRESENT) was tightened to exemption-only per D11. Inclusion-framed value belongs to DEF_EXPENDITURE_STANDARD's adjacent value (which doesn't exist as a separate row). Asymmetry: PRESENT split into two boolean rows; VALUE remained one numeric row claiming both framings.","single-run flag, run2 only | run2 note: confidence: high; appears to revisit D11.",run2-only
177,THRESHOLD_LOBBYING_EXPENDITURE_VALUE,C5,wrong-domain,"[run2] Numeric value of the threshold in #15. If #15 moves, this moves with it. Same conceptual class. Appears to revisit D11.","single-run flag, run2 only | run2 note: confidence: medium",run2-only
178,THRESHOLD_LOBBYING_MATERIALITY_GATE,C1,axis-ambiguous-name,"[run1] ID prefix 'THRESHOLD_*' shared with quantitative-threshold rows in registration domain (THRESHOLD_LOBBYING_EXPENDITURE_PRESENT etc.) but this row is in definitions domain and is qualitative-only per description ('THRESHOLD axis (qualitative)'). Shared 'THRESHOLD_' prefix invites quantitative reading; description must override. [run2] ""THRESHOLD_LOBBYING_MATERIALITY_GATE"" reads as a quantitative threshold name to a fellow who hasn't read the description. The description leads with ""THRESHOLD axis (qualitative)"" and explicitly contrasts with `DEF_COMPENSATION_STANDARD` / `DEF_EXPENDITURE_STANDARD` / `DEF_TIME_STANDARD`. Without that disambiguating description, ""threshold"" reads numeric. (chunk-frame preamble exists for `definitions`.)",run1 note: Cross-domain ID-prefix collision. | run2 note: confidence: medium,both
179,THRESHOLD_LOBBYING_MATERIALITY_GATE,C2,description-broader-than-rubric,"[run2] Description includes both inclusion-framed and exemption-framed framings: ""Captures both inclusion-framed (...) and exemption-framed (...) phrasings; PRI D0 is exemption-framed, Newmark/Opheim/CPI lean inclusion-framed."" This is the qualitative-materiality umbrella row; mixing inclusion and exemption framings on the same row was D11's intent (umbrella), but the harness's iter-1 result shows it correctly populates this row in OH for both regime variants of the qualitative gate. Flag is for Phase 1 to confirm the umbrella framing is intentional and durable.","single-run flag, run2 only | run2 note: confidence: low; D11-aware",run2-only
180,THRESHOLD_LOBBYING_MATERIALITY_GATE,C3,cluster-asks-two-questions,"[run2] framework_references include PRI D0 (""materiality test (ability to exempt)""), Newmark 2017/2005/Opheim ""def_materiality_umbrella"" (""standards each imply a materiality test""), Hired Guns Q2_umbrella (""qualification-threshold tiers presume some materiality test""). PRI D0 is **exemption-framed** materiality (qualitative gate to exempt); Newmark/Opheim's ""umbrella"" framing is *meta* (the existence of standards implies materiality testing) — not a primary statute reading question. CPI Q2_umbrella is similarly meta. The cluster mixes one direct statute-reading question (PRI D0) with three derivative inferences. The derivative refs were added in v1.2's curation-gap fix per D11; v3 should review whether they belong on this row or are better captured as cross-row dedup-map entries.","single-run flag, run2 only | run2 note: confidence: medium",run2-only
181,THRESHOLD_LOBBYING_TIME_PRESENT,C1,axis-ambiguous-name,"[run1] Same pattern as THRESHOLD_LOBBYING_EXPENDITURE_PRESENT: ID does not carry exemption-only framing; description does (per D11 addendum). [run2] Same shape as #13. ID does not encode ""exemption-framed"" vs `DEF_TIME_STANDARD`'s ""inclusion-framed"". Description carries the burden.",run1 note: Pair with DEF_TIME_STANDARD. | run2 note: confidence: medium,both
182,THRESHOLD_LOBBYING_TIME_PRESENT,C3,cluster-asks-two-questions,"[run2] Same shape as #37 — PRI D2_present (exemption) + FOCAL 1.2 (no/low threshold) on a row whose description tightened to ""exemption-framed only"" per D11.","single-run flag, run2 only | run2 note: confidence: medium; appears to revisit D11.",run2-only
183,THRESHOLD_LOBBYING_TIME_PRESENT,C5,wrong-domain,[run2] Same as #15 — exemption-side time threshold paired with `DEF_TIME_STANDARD` in `definitions`. Appears to revisit D11.,"single-run flag, run2 only | run2 note: confidence: medium",run2-only
184,THRESHOLD_LOBBYING_TIME_VALUE,C1,axis-ambiguous-name,[run2] Symmetric pair to #141.,"single-run flag, run2 only | run2 note: confidence: low",run2-only
185,THRESHOLD_LOBBYING_TIME_VALUE,C2,description-narrower-than-rubric,[run2] Same asymmetry as #39 — VALUE row claims both framings while PRESENT row was split exemption-only.,"single-run flag, run2 only | run2 note: confidence: high; appears to revisit D11.",run2-only
186,THRESHOLD_LOBBYING_TIME_VALUE,C5,wrong-domain,[run2] Same as #17 (numeric value paired with #16). Appears to revisit D11.,"single-run flag, run2 only | run2 note: confidence: medium",run2-only
