id,name,description,domain,data_type,framework_references_json,maps_to_state_master_field,maps_to_filing_field,observable_from_database,notes
REG_LOBBYIST,Lobbyist must register,Lobbyists.,registration,boolean,"[{""framework"": ""pri_2010_disclosure"", ""item_id"": ""A1"", ""item_text"": ""Lobbyists.""}, {""framework"": ""focal_2024"", ""item_id"": ""1.1"", ""item_text"": ""The following types of lobbyists are included in the register: professional lobbyists/consultants, in-house company lobbyists, in-house organisation lobbyists, professional consultancies, law firms, think tanks, research institutions, public entities, government agencies/employees""}, {""framework"": ""newmark_2017"", ""item_id"": ""def_legislative_lobbying"", ""item_text"": ""Legislative lobbying""}, {""framework"": ""newmark_2005"", ""item_id"": ""def_legislative_lobbying"", ""item_text"": ""Legislative lobbying (dropped from active scoring as constant)""}, {""framework"": ""opheim_1991"", ""item_id"": ""def_legislative_lobbying"", ""item_text"": ""Legislative lobbying as criterion in definition""}, {""framework"": ""hired_guns_2007"", ""item_id"": ""Q3"", ""item_text"": ""Is a lobbyist required to file a registration form?""}]",,,False,
REG_VOLUNTEER_LOBBYIST,Volunteer lobbyist must register,Volunteer lobbyists.,registration,boolean,"[{""framework"": ""pri_2010_disclosure"", ""item_id"": ""A2"", ""item_text"": ""Volunteer lobbyists.""}, {""framework"": ""focal_2024"", ""item_id"": ""1.1"", ""item_text"": ""The following types of lobbyists are included in the register: professional lobbyists/consultants, in-house company lobbyists, in-house organisation lobbyists, professional consultancies, law firms, think tanks, research institutions, public entities, government agencies/employees""}]",,,False,
REG_PRINCIPAL,Principal must register,Principals who employ a lobbyist.,registration,boolean,"[{""framework"": ""pri_2010_disclosure"", ""item_id"": ""A3"", ""item_text"": ""Principals who employ a lobbyist.""}, {""framework"": ""focal_2024"", ""item_id"": ""1.1"", ""item_text"": ""The following types of lobbyists are included in the register: professional lobbyists/consultants, in-house company lobbyists, in-house organisation lobbyists, professional consultancies, law firms, think tanks, research institutions, public entities, government agencies/employees""}, {""framework"": ""opensecrets_2022"", ""item_id"": ""client_registers"", ""item_text"": ""Client identifiable in registration data""}]",,,False,
REG_LOBBYING_FIRM,Lobbying firm must register,Lobbying firms.,registration,boolean,"[{""framework"": ""pri_2010_disclosure"", ""item_id"": ""A4"", ""item_text"": ""Lobbying firms.""}, {""framework"": ""focal_2024"", ""item_id"": ""1.1"", ""item_text"": ""The following types of lobbyists are included in the register: professional lobbyists/consultants, in-house company lobbyists, in-house organisation lobbyists, professional consultancies, law firms, think tanks, research institutions, public entities, government agencies/employees""}]",,,False,
REG_GOVERNORS_OFFICE,Governor's office must register,Governor's office.,registration,boolean,"[{""framework"": ""pri_2010_disclosure"", ""item_id"": ""A5"", ""item_text"": ""Governor's office.""}]",,,False,
REG_EXECUTIVE_AGENCY,Executive branch agency must register,Executive branch agencies.,registration,boolean,"[{""framework"": ""pri_2010_disclosure"", ""item_id"": ""A6"", ""item_text"": ""Executive branch agencies.""}, {""framework"": ""focal_2024"", ""item_id"": ""1.1"", ""item_text"": ""The following types of lobbyists are included in the register: professional lobbyists/consultants, in-house company lobbyists, in-house organisation lobbyists, professional consultancies, law firms, think tanks, research institutions, public entities, government agencies/employees""}]",,,False,
REG_LEGISLATIVE_BRANCH,Legislative branch must register,Legislative branch.,registration,boolean,"[{""framework"": ""pri_2010_disclosure"", ""item_id"": ""A7"", ""item_text"": ""Legislative branch.""}, {""framework"": ""focal_2024"", ""item_id"": ""1.1"", ""item_text"": ""The following types of lobbyists are included in the register: professional lobbyists/consultants, in-house company lobbyists, in-house organisation lobbyists, professional consultancies, law firms, think tanks, research institutions, public entities, government agencies/employees""}]",,,False,
REG_INDEPENDENT_AGENCY,Independent agency must register,Independent agencies.,registration,boolean,"[{""framework"": ""pri_2010_disclosure"", ""item_id"": ""A8"", ""item_text"": ""Independent agencies.""}, {""framework"": ""focal_2024"", ""item_id"": ""1.1"", ""item_text"": ""The following types of lobbyists are included in the register: professional lobbyists/consultants, in-house company lobbyists, in-house organisation lobbyists, professional consultancies, law firms, think tanks, research institutions, public entities, government agencies/employees""}]",,,False,
REG_LOCAL_GOVERNMENT,Local government must register,Local governments.,registration,boolean,"[{""framework"": ""pri_2010_disclosure"", ""item_id"": ""A9"", ""item_text"": ""Local governments.""}, {""framework"": ""focal_2024"", ""item_id"": ""1.1"", ""item_text"": ""The following types of lobbyists are included in the register: professional lobbyists/consultants, in-house company lobbyists, in-house organisation lobbyists, professional consultancies, law firms, think tanks, research institutions, public entities, government agencies/employees""}]",,,False,
REG_GOVT_LOBBYING_GOVT,Government lobbying government must register,Government agencies who lobby other agencies.,registration,boolean,"[{""framework"": ""pri_2010_disclosure"", ""item_id"": ""A10"", ""item_text"": ""Government agencies who lobby other agencies.""}, {""framework"": ""focal_2024"", ""item_id"": ""1.1"", ""item_text"": ""The following types of lobbyists are included in the register: professional lobbyists/consultants, in-house company lobbyists, in-house organisation lobbyists, professional consultancies, law firms, think tanks, research institutions, public entities, government agencies/employees""}]",,,False,
REG_OTHER_PUBLIC_ENTITY,Other public entity must register,"Public entities, other than government agencies.",registration,boolean,"[{""framework"": ""pri_2010_disclosure"", ""item_id"": ""A11"", ""item_text"": ""Public entities, other than government agencies.""}, {""framework"": ""focal_2024"", ""item_id"": ""1.1"", ""item_text"": ""The following types of lobbyists are included in the register: professional lobbyists/consultants, in-house company lobbyists, in-house organisation lobbyists, professional consultancies, law firms, think tanks, research institutions, public entities, government agencies/employees""}]",,,False,
EXEMPT_GOVT_OFFICIAL_CAPACITY,Government / official-capacity exemption exists,Is there an exemption for government agencies and/or public officials acting within their official capacity?.,registration,boolean,"[{""framework"": ""pri_2010_disclosure"", ""item_id"": ""B1"", ""item_text"": ""Is there an exemption for government agencies and/or public officials acting within their official capacity?""}]",,,False,
EXEMPT_GOVT_PARTIAL_RELIEF,Government partial relief from non-government rules,Are government agencies relieved and/or exempted (partially) from the regulations imposed on non-government organizations and individuals?.,registration,boolean,"[{""framework"": ""pri_2010_disclosure"", ""item_id"": ""B2"", ""item_text"": ""Are government agencies relieved and/or exempted (partially) from the regulations imposed on non-government organizations and individuals?""}]",,,False,
PARITY_GOVT_AS_LOBBYIST,Government subject to lobbyist disclosure rules,Are government agencies subject to the same disclosure requirements as lobbyists?.,registration,boolean,"[{""framework"": ""pri_2010_disclosure"", ""item_id"": ""B3"", ""item_text"": ""Are government agencies subject to the same disclosure requirements as lobbyists?""}]",,,False,
PARITY_GOVT_AS_PRINCIPAL,Government subject to principal disclosure rules,Are government agencies subject to the same disclosure requirements as principals?.,registration,boolean,"[{""framework"": ""pri_2010_disclosure"", ""item_id"": ""B4"", ""item_text"": ""Are government agencies subject to the same disclosure requirements as principals?""}]",,,False,
DEF_PUBLIC_ENTITY,Law defines 'public entity',"Does the law include a definition of ""public entity""?.",registration,boolean,"[{""framework"": ""pri_2010_disclosure"", ""item_id"": ""C0"", ""item_text"": ""Does the law include a definition of \""public entity\""?""}]",,,False,
DEF_PUBLIC_ENTITY_OWNERSHIP,Public-entity definition uses ownership,Definition relies on Ownership.,registration,boolean,"[{""framework"": ""pri_2010_disclosure"", ""item_id"": ""C1"", ""item_text"": ""Definition relies on Ownership.""}]",,,False,
DEF_PUBLIC_ENTITY_STRUCTURE,Public-entity definition uses structure / revenue composition,Definition relies on Structure or composition of revenue.,registration,boolean,"[{""framework"": ""pri_2010_disclosure"", ""item_id"": ""C2"", ""item_text"": ""Definition relies on Structure or composition of revenue.""}]",,,False,
DEF_PUBLIC_ENTITY_CHARTER,Public-entity definition uses public charter / special protection,Definition relies on Public charter or special government protection.,registration,boolean,"[{""framework"": ""pri_2010_disclosure"", ""item_id"": ""C3"", ""item_text"": ""Definition relies on Public charter or special government protection.""}]",,,False,
THRESHOLD_LOBBYING_MATERIALITY_GATE,Materiality gate on lobbying coverage,"The statute uses some materiality test to scope which individuals/entities are subject to lobbying disclosure. Captures both inclusion-framed criteria (""a person IS a lobbyist if X"") and exemption-framed criteria (""a person is NOT subject to disclosure if X""). Rubrics frame this differently: PRI D0 is exemption-framed; Newmark/Opheim/CPI lean inclusion-framed via the compensation/expenditure/time standards in the definition.",definitions,boolean,"[{""framework"": ""pri_2010_disclosure"", ""item_id"": ""D0"", ""item_text"": ""Does the law include a materiality test (ability to exempt) for coverage in disclosure regulations?""}, {""framework"": ""newmark_2017"", ""item_id"": ""def_materiality_umbrella"", ""item_text"": ""Newmark 2017's compensation/expenditure/time standards each imply the existence of a materiality test (umbrella).""}, {""framework"": ""newmark_2005"", ""item_id"": ""def_materiality_umbrella"", ""item_text"": ""Newmark 2005's compensation/expenditure/time standards each imply a materiality test.""}, {""framework"": ""opheim_1991"", ""item_id"": ""def_materiality_umbrella"", ""item_text"": ""Opheim 1991's seven definition criteria collectively constitute the materiality umbrella.""}, {""framework"": ""hired_guns_2007"", ""item_id"": ""Q2_umbrella"", ""item_text"": ""CPI Q2's qualification-threshold tiers presume some materiality test.""}]",,,False,
THRESHOLD_LOBBYING_EXPENDITURE_PRESENT,Expenditure-on-lobbying threshold (in statute),"The statute exempts persons whose lobbying expenditures fall below a dollar threshold from filing (exemption-framed: ""a person whose lobbying expenses < $X is exempt from filing"" — PRI D1, FOCAL 1.2). Inclusion-framed counterpart: see DEF_EXPENDITURE_STANDARD (""spends > $X on lobbying IS a lobbyist""). A statute can populate one row, the other, or both — they are independent statutory mechanisms when a state uses an inclusion trigger on one axis with an exemption carve-out on another (e.g., time-trigger + expenditure-exemption).",registration,boolean,"[{""framework"": ""pri_2010_disclosure"", ""item_id"": ""D1_present"", ""item_text"": ""Financial threshold exists: if expenses are less than some dollar threshold the entity is exempted from filing disclosure.""}, {""framework"": ""focal_2024"", ""item_id"": ""1.2"", ""item_text"": ""There is no (or low) financial or time threshold to qualify/exempt lobbyists from registration""}, {""framework"": ""hired_guns_2007"", ""item_id"": ""Q2_expenditure"", ""item_text"": ""Expenditure portion of CPI Q2 qualification threshold""}]",,,False,
THRESHOLD_LOBBYING_EXPENDITURE_VALUE,Expenditure-on-lobbying threshold dollar value (USD),Dollar value of the lobbying-expenditure threshold (whether framed as inclusion or exemption).,registration,numeric,"[{""framework"": ""pri_2010_disclosure"", ""item_id"": ""D1_value"", ""item_text"": ""Dollar threshold value (USD) for financial-threshold exemption.""}, {""framework"": ""hired_guns_2007"", ""item_id"": ""Q2_value"", ""item_text"": ""Dollar value of qualification threshold (CPI Q2)""}]",,,False,
THRESHOLD_LOBBYING_TIME_PRESENT,Time-spent-on-lobbying threshold (in statute),"The statute exempts persons whose lobbying time falls below a fraction-of-compensated-time threshold from filing (exemption-framed: ""if you spend < X% of compensated time lobbying you are exempt"" — PRI D2, FOCAL 1.2). Inclusion-framed counterpart: see DEF_TIME_STANDARD (""> X% of compensated time = you ARE a lobbyist""). A statute can populate one row, the other, or both — they are independent statutory mechanisms when a state uses an inclusion trigger on one axis with an exemption carve-out on another.",registration,boolean,"[{""framework"": ""pri_2010_disclosure"", ""item_id"": ""D2_present"", ""item_text"": ""Time threshold exists: if amount of time devoted to lobbying is less than a threshold percentage of an individual's compensated time the individual or entity is exempted from filing disclosure.""}, {""framework"": ""focal_2024"", ""item_id"": ""1.2"", ""item_text"": ""There is no (or low) financial or time threshold to qualify/exempt lobbyists from registration""}]",,,False,
THRESHOLD_LOBBYING_TIME_VALUE,Time-spent-on-lobbying threshold percentage value,Percentage value of the lobbying-time threshold (whether framed as inclusion or exemption).,registration,numeric,"[{""framework"": ""pri_2010_disclosure"", ""item_id"": ""D2_value"", ""item_text"": ""Percentage threshold value for time-threshold exemption.""}]",,,False,
RPT_PRINCIPAL_GATE,Principal must file disclosure report,Are principals required to disclose?.,reporting,boolean,"[{""framework"": ""pri_2010_disclosure"", ""item_id"": ""E1a"", ""item_text"": ""Are principals required to disclose?""}, {""framework"": ""hired_guns_2007"", ""item_id"": ""Q26"", ""item_text"": ""Is an employer or principal of a lobbyist required to file a spending report?""}]",,,True,
RPT_PRINCIPAL_CONTACT,Principal report includes principal address & phone,Are principals required to disclose their address and phone number?.,reporting,boolean,"[{""framework"": ""pri_2010_disclosure"", ""item_id"": ""E1b"", ""item_text"": ""Are principals required to disclose their address and phone number?""}, {""framework"": ""focal_2024"", ""item_id"": ""4.2"", ""item_text"": ""Contact details provided (eg, Address, telephone and/or website)""}]",filer_organization.contact_details[].value,filer_organization.contact_details[].value,True,
RPT_PRINCIPAL_LOBBYIST_NAMES,Principal report lists representing lobbyists,Are principals required to disclose the names of all the lobbyists representing them?.,reporting,boolean,"[{""framework"": ""pri_2010_disclosure"", ""item_id"": ""E1c"", ""item_text"": ""Are principals required to disclose the names of all the lobbyists representing them?""}, {""framework"": ""focal_2024"", ""item_id"": ""4.1"", ""item_text"": ""Full names of lobbyists/organisations, (not abbreviations or ambiguous names)""}, {""framework"": ""focal_2024"", ""item_id"": ""7.4"", ""item_text"": ""Number of lobbyists employed/contracted (total and full-time equivalent)""}]",registration::lobbyist.name,registration::lobbyist.name,True,Stored on LobbyistRegistration; principal's lobbyist list = inverse of registrations where clients[] contains the principal.
RPT_PRINCIPAL_LOBBYIST_CONTACT,Principal report includes lobbyist address & phone,Are principals required to disclose the address and phone number of contracted lobbyists?.,reporting,boolean,"[{""framework"": ""pri_2010_disclosure"", ""item_id"": ""E1d"", ""item_text"": ""Are principals required to disclose the address and phone number of contracted lobbyists?""}, {""framework"": ""focal_2024"", ""item_id"": ""4.2"", ""item_text"": ""Contact details provided (eg, Address, telephone and/or website)""}]",registration::lobbyist.contact_details[].value,registration::lobbyist.contact_details[].value,True,"Lobbyist contact info is on the registration record, not the principal's filing."
RPT_PRINCIPAL_BUSINESS_NATURE,Principal report includes nature of business (public/private),Are principals required to disclose the nature of the business (public or private)?.,reporting,boolean,"[{""framework"": ""pri_2010_disclosure"", ""item_id"": ""E1e"", ""item_text"": ""Are principals required to disclose the nature of the business (public or private)?""}, {""framework"": ""focal_2024"", ""item_id"": ""4.3"", ""item_text"": ""Legal form (eg, public, private, not-for-profit, NGO, government)""}]",filer_organization.legal_form,filer_organization.legal_form,True,
RPT_PRINCIPAL_COMPENSATION,Principal report includes direct lobbying costs (compensation),Required component of disclosure report: Direct lobbying costs (compensation).,reporting,boolean,"[{""framework"": ""pri_2010_disclosure"", ""item_id"": ""E1f_i"", ""item_text"": ""Required component of disclosure report: Direct lobbying costs (compensation).""}, {""framework"": ""focal_2024"", ""item_id"": ""7.6"", ""item_text"": ""Total lobbying expenditure (both in-house and consulting)""}, {""framework"": ""focal_2024"", ""item_id"": ""7.7"", ""item_text"": ""Compensated/uncompensated lobbying activities""}, {""framework"": ""sunlight_2015"", ""item_id"": ""expenditure_transparency"", ""item_text"": ""Expenditure Transparency (no report / lump / broad categories / itemized w/ dates+desc)""}, {""framework"": ""sunlight_2015"", ""item_id"": ""compensation"", ""item_text"": ""Lobbyist Compensation disclosed (Sunlight: -1 no, 0 yes)""}, {""framework"": ""hired_guns_2007"", ""item_id"": ""Q27"", ""item_text"": ""Is compensation/salary required to be reported on employer/principal spending reports?""}, {""framework"": ""opensecrets_2022"", ""item_id"": ""compensation"", ""item_text"": ""Compensation paid to lobbyists disclosed (employer-side)""}]",total_compensation,total_compensation,True,
RPT_PRINCIPAL_NON_COMPENSATION,Principal report includes indirect lobbying costs (non-compensation),Required component of disclosure report: Indirect lobbying costs (non-compensation).,reporting,boolean,"[{""framework"": ""pri_2010_disclosure"", ""item_id"": ""E1f_ii"", ""item_text"": ""Required component of disclosure report: Indirect lobbying costs (non-compensation).""}, {""framework"": ""focal_2024"", ""item_id"": ""7.6"", ""item_text"": ""Total lobbying expenditure (both in-house and consulting)""}, {""framework"": ""focal_2024"", ""item_id"": ""7.7"", ""item_text"": ""Compensated/uncompensated lobbying activities""}, {""framework"": ""sunlight_2015"", ""item_id"": ""expenditure_transparency"", ""item_text"": ""Expenditure Transparency (no report / lump / broad categories / itemized w/ dates+desc)""}]",total_reimbursements,total_reimbursements,True,
RPT_PRINCIPAL_OTHER_COSTS,Principal report includes gifts / entertainment / transport / lodging,"Required component of disclosure report: Other costs such as gifts, entertainment, transportation, and lodging.",reporting,boolean,"[{""framework"": ""pri_2010_disclosure"", ""item_id"": ""E1f_iii"", ""item_text"": ""Required component of disclosure report: Other costs such as gifts, entertainment, transportation, and lodging.""}, {""framework"": ""focal_2024"", ""item_id"": ""7.6"", ""item_text"": ""Total lobbying expenditure (both in-house and consulting)""}, {""framework"": ""focal_2024"", ""item_id"": ""7.10"", ""item_text"": ""Expenditures benefitting public officials or employees including financial/non-financial gifts and support, employer/principal on whose behalf expenses were made""}, {""framework"": ""sunlight_2015"", ""item_id"": ""expenditure_transparency"", ""item_text"": ""Expenditure Transparency (no report / lump / broad categories / itemized w/ dates+desc)""}, {""framework"": ""newmark_2017"", ""item_id"": ""disc_exp_benefitting_officials"", ""item_text"": ""Expenditures benefitting public officials or employees""}, {""framework"": ""newmark_2005"", ""item_id"": ""disc_exp_benefitting_officials"", ""item_text"": ""Expenditures benefitting public officials or employees""}, {""framework"": ""opheim_1991"", ""item_id"": ""disc_exp_benefitting_employees"", ""item_text"": ""Expenditures benefitting public employees including gifts""}, {""framework"": ""hired_guns_2007"", ""item_id"": ""Q23_reported"", ""item_text"": ""Gifts reported (disclosure half of CPI Q23)""}]",total_other_costs,total_other_costs,True,
RPT_PRINCIPAL_ITEMIZED,Principal report is itemized (vs lump-sum),Is the information disclosed in an itemized format (as opposed to an aggregated or lump-sum amount)?.,reporting,boolean,"[{""framework"": ""pri_2010_disclosure"", ""item_id"": ""E1f_iv"", ""item_text"": ""Is the information disclosed in an itemized format (as opposed to an aggregated or lump-sum amount)?""}, {""framework"": ""sunlight_2015"", ""item_id"": ""expenditure_transparency"", ""item_text"": ""Expenditure Transparency (no report / lump / broad categories / itemized w/ dates+desc)""}]",is_itemized,is_itemized,True,
RPT_PRINCIPAL_ISSUE_GENERAL,Principal report discloses general issues lobbied,Are principals required to disclose information on the issue lobbied by the general issues lobbied?.,reporting,boolean,"[{""framework"": ""pri_2010_disclosure"", ""item_id"": ""E1g_i"", ""item_text"": ""Are principals required to disclose information on the issue lobbied by the general issues lobbied?""}, {""framework"": ""sunlight_2015"", ""item_id"": ""activity"", ""item_text"": ""Lobbyist Activity reporting (general subjects vs bills/actions vs bills+position)""}, {""framework"": ""newmark_2017"", ""item_id"": ""disc_seeking_to_influence"", ""item_text"": ""Seeking to influence legislative/administrative action (component)""}, {""framework"": ""newmark_2005"", ""item_id"": ""disc_seeking_to_influence"", ""item_text"": ""Seeking to influence legislative/administrative action (component)""}]",positions[].general_issue_area,positions[].general_issue_area,True,
RPT_PRINCIPAL_BILL_SPECIFIC,Principal report discloses specific bill numbers / legislation IDs,Are principals required to disclose information on the issue lobbied by the specific bill number or legislation ID?.,reporting,boolean,"[{""framework"": ""pri_2010_disclosure"", ""item_id"": ""E1g_ii"", ""item_text"": ""Are principals required to disclose information on the issue lobbied by the specific bill number or legislation ID?""}, {""framework"": ""sunlight_2015"", ""item_id"": ""activity"", ""item_text"": ""Lobbyist Activity reporting (general subjects vs bills/actions vs bills+position)""}, {""framework"": ""newmark_2017"", ""item_id"": ""disc_seeking_to_influence"", ""item_text"": ""Seeking to influence legislative/administrative action (component)""}, {""framework"": ""newmark_2005"", ""item_id"": ""disc_seeking_to_influence"", ""item_text"": ""Seeking to influence legislative/administrative action (component)""}]",positions[].bill_reference,positions[].bill_reference,True,
FREQ_PRINCIPAL_MONTHLY,Principal reporting frequency: monthly,Reporting frequency option: Monthly.,reporting,boolean,"[{""framework"": ""pri_2010_disclosure"", ""item_id"": ""E1h_i"", ""item_text"": ""Reporting frequency option: Monthly.""}, {""framework"": ""newmark_2005"", ""item_id"": ""freq_binary"", ""item_text"": ""Reporting more frequent than annual (component of disjunction)""}, {""framework"": ""opensecrets_2022"", ""item_id"": ""timely_disclosure"", ""item_text"": ""Monthly during session (baseline)""}]",,,True,
FREQ_PRINCIPAL_QUARTERLY,Principal reporting frequency: quarterly,Reporting frequency option: Quarterly.,reporting,boolean,"[{""framework"": ""pri_2010_disclosure"", ""item_id"": ""E1h_ii"", ""item_text"": ""Reporting frequency option: Quarterly.""}, {""framework"": ""newmark_2005"", ""item_id"": ""freq_binary"", ""item_text"": ""Reporting more frequent than annual (component of disjunction)""}, {""framework"": ""opensecrets_2022"", ""item_id"": ""timely_disclosure"", ""item_text"": ""Quarterly off-session (baseline)""}]",,,True,
FREQ_PRINCIPAL_TRI_ANNUAL,Principal reporting frequency: tri-annual (legislative calendar),Reporting frequency option: Tri-annually (linked with legislative calendar).,reporting,boolean,"[{""framework"": ""pri_2010_disclosure"", ""item_id"": ""E1h_iii"", ""item_text"": ""Reporting frequency option: Tri-annually (linked with legislative calendar).""}]",,,True,
FREQ_PRINCIPAL_SEMI_ANNUAL,Principal reporting frequency: semi-annual,Reporting frequency option: Semi-annually.,reporting,boolean,"[{""framework"": ""pri_2010_disclosure"", ""item_id"": ""E1h_iv"", ""item_text"": ""Reporting frequency option: Semi-annually.""}]",,,True,
FREQ_PRINCIPAL_ANNUAL,Principal reporting frequency: annual,Reporting frequency option: Annually.,reporting,boolean,"[{""framework"": ""pri_2010_disclosure"", ""item_id"": ""E1h_v"", ""item_text"": ""Reporting frequency option: Annually.""}]",,,True,
FREQ_PRINCIPAL_OTHER,Principal reporting frequency: other (free-text),Reporting frequency option: Other (free-text).,reporting,free_text,"[{""framework"": ""pri_2010_disclosure"", ""item_id"": ""E1h_vi"", ""item_text"": ""Reporting frequency option: Other (free-text).""}]",,,True,
RPT_PRINCIPAL_CONTACTS_LOGGED,Principal must disclose contacts (contact log),Are principals required to disclose contacts?.,contact_log,boolean,"[{""framework"": ""pri_2010_disclosure"", ""item_id"": ""E1i"", ""item_text"": ""Are principals required to disclose contacts?""}]",engagements[],engagements[],True,Gate item: presence of any engagement entry = contacts disclosed.
RPT_PRINCIPAL_FINANCIAL_CONTRIBUTORS,Principal must disclose major financial contributors,Are principals required to disclose major financial contributors?.,reporting,boolean,"[{""framework"": ""pri_2010_disclosure"", ""item_id"": ""E1j"", ""item_text"": ""Are principals required to disclose major financial contributors?""}, {""framework"": ""focal_2024"", ""item_id"": ""6.2"", ""item_text"": ""Names of all sponsors or members (for associations and representative groups)""}, {""framework"": ""focal_2024"", ""item_id"": ""7.3"", ""item_text"": ""Income sources (eg, including government agencies, grant-making foundations, companies) and amount received""}, {""framework"": ""newmark_2017"", ""item_id"": ""disc_contribs_received"", ""item_text"": ""Contributions received from others for lobbying purposes""}, {""framework"": ""opheim_1991"", ""item_id"": ""disc_other_influence_peddling"", ""item_text"": ""Other activities that might constitute influence peddling or conflict of interest (folded as catch-all per Decision Log D6)""}]",,,True,No clean LobbyingFiling field today; would surface as a separate financial_contributors[] disclosure if added.
RPT_LOBBYIST_GATE,Lobbyist must file disclosure report,Are lobbyists required to disclose?.,reporting,boolean,"[{""framework"": ""pri_2010_disclosure"", ""item_id"": ""E2a"", ""item_text"": ""Are lobbyists required to disclose?""}, {""framework"": ""hired_guns_2007"", ""item_id"": ""Q11"", ""item_text"": ""Is a lobbyist required to file a spending report?""}]",,,True,
RPT_LOBBYIST_CONTACT,Lobbyist report includes lobbyist address & phone,Are lobbyists required to disclose their address and phone number?.,reporting,boolean,"[{""framework"": ""pri_2010_disclosure"", ""item_id"": ""E2b"", ""item_text"": ""Are lobbyists required to disclose their address and phone number?""}, {""framework"": ""focal_2024"", ""item_id"": ""4.2"", ""item_text"": ""Contact details provided (eg, Address, telephone and/or website)""}]",filer_person.contact_details[].value,filer_person.contact_details[].value,True,
RPT_LOBBYIST_PRINCIPAL_NAMES,Lobbyist report lists represented principals,Are lobbyists required to disclose the names of all the principals represented?.,reporting,boolean,"[{""framework"": ""pri_2010_disclosure"", ""item_id"": ""E2c"", ""item_text"": ""Are lobbyists required to disclose the names of all the principals represented?""}, {""framework"": ""focal_2024"", ""item_id"": ""4.1"", ""item_text"": ""Full names of lobbyists/organisations, (not abbreviations or ambiguous names)""}, {""framework"": ""focal_2024"", ""item_id"": ""6.1"", ""item_text"": ""Client list (for all consultant lobbyists and firms)""}, {""framework"": ""hired_guns_2007"", ""item_id"": ""Q9"", ""item_text"": ""Is a lobbyist required to identify by name each employer on the registration form?""}]",registration::clients[].name,registration::clients[].name,True,
RPT_LOBBYIST_PRINCIPAL_CONTACT,Lobbyist report includes principal address & phone,Are lobbyists required to disclose the address and phone number of the principals represented?.,reporting,boolean,"[{""framework"": ""pri_2010_disclosure"", ""item_id"": ""E2d"", ""item_text"": ""Are lobbyists required to disclose the address and phone number of the principals represented?""}, {""framework"": ""focal_2024"", ""item_id"": ""4.2"", ""item_text"": ""Contact details provided (eg, Address, telephone and/or website)""}]",registration::clients[].contact_details[].value,registration::clients[].contact_details[].value,True,
RPT_LOBBYIST_PRINCIPAL_NATURE,Lobbyist report includes principal's business nature (public/private),Are lobbyists required to disclose the nature of the principal's business (public or private)?.,reporting,boolean,"[{""framework"": ""pri_2010_disclosure"", ""item_id"": ""E2e"", ""item_text"": ""Are lobbyists required to disclose the nature of the principal's business (public or private)?""}, {""framework"": ""focal_2024"", ""item_id"": ""4.3"", ""item_text"": ""Legal form (eg, public, private, not-for-profit, NGO, government)""}]",registration::clients[].legal_form,registration::clients[].legal_form,True,
RPT_LOBBYIST_COMPENSATION,Lobbyist report includes direct lobbying costs (compensation),Required component of disclosure report: Direct lobbying costs (compensation).,reporting,boolean,"[{""framework"": ""pri_2010_disclosure"", ""item_id"": ""E2f_i"", ""item_text"": ""Required component of disclosure report: Direct lobbying costs (compensation).""}, {""framework"": ""focal_2024"", ""item_id"": ""7.1"", ""item_text"": ""Total lobbying income (for consultant lobbyists/lobby firms)""}, {""framework"": ""sunlight_2015"", ""item_id"": ""expenditure_transparency"", ""item_text"": ""Expenditure Transparency (no report / lump / broad categories / itemized w/ dates+desc)""}, {""framework"": ""sunlight_2015"", ""item_id"": ""compensation"", ""item_text"": ""Lobbyist Compensation disclosed (Sunlight: -1 no, 0 yes)""}, {""framework"": ""newmark_2017"", ""item_id"": ""disc_total_compensation"", ""item_text"": ""Total compensation received""}, {""framework"": ""newmark_2005"", ""item_id"": ""disc_total_compensation"", ""item_text"": ""Total compensation received""}, {""framework"": ""opheim_1991"", ""item_id"": ""disc_total_income"", ""item_text"": ""Total income""}, {""framework"": ""hired_guns_2007"", ""item_id"": ""Q13"", ""item_text"": ""Is compensation/salary required to be reported by a lobbyist on spending reports?""}, {""framework"": ""opensecrets_2022"", ""item_id"": ""compensation"", ""item_text"": ""Compensation paid to lobbyists disclosed""}]",total_compensation,total_compensation,True,
RPT_LOBBYIST_NON_COMPENSATION,Lobbyist report includes indirect lobbying costs (non-compensation),Required component of disclosure report: Indirect lobbying costs (non-compensation).,reporting,boolean,"[{""framework"": ""pri_2010_disclosure"", ""item_id"": ""E2f_ii"", ""item_text"": ""Required component of disclosure report: Indirect lobbying costs (non-compensation).""}, {""framework"": ""sunlight_2015"", ""item_id"": ""expenditure_transparency"", ""item_text"": ""Expenditure Transparency (no report / lump / broad categories / itemized w/ dates+desc)""}]",total_reimbursements,total_reimbursements,True,
RPT_LOBBYIST_OTHER_COSTS,Lobbyist report includes gifts / entertainment / transport / lodging,"Required component of disclosure report: Other costs such as gifts, entertainment, transportation, and lodging.",reporting,boolean,"[{""framework"": ""pri_2010_disclosure"", ""item_id"": ""E2f_iii"", ""item_text"": ""Required component of disclosure report: Other costs such as gifts, entertainment, transportation, and lodging.""}, {""framework"": ""sunlight_2015"", ""item_id"": ""expenditure_transparency"", ""item_text"": ""Expenditure Transparency (no report / lump / broad categories / itemized w/ dates+desc)""}, {""framework"": ""newmark_2017"", ""item_id"": ""disc_exp_benefitting_officials"", ""item_text"": ""Expenditures benefitting public officials or employees""}, {""framework"": ""newmark_2005"", ""item_id"": ""disc_exp_benefitting_officials"", ""item_text"": ""Expenditures benefitting public officials or employees""}, {""framework"": ""opheim_1991"", ""item_id"": ""disc_exp_benefitting_employees"", ""item_text"": ""Expenditures benefitting public employees including gifts""}]",total_other_costs,total_other_costs,True,
RPT_LOBBYIST_ITEMIZED,Lobbyist report is itemized (vs lump-sum),Is the information disclosed in an itemized format (as opposed to an aggregated or lump-sum amount)?.,reporting,boolean,"[{""framework"": ""pri_2010_disclosure"", ""item_id"": ""E2f_iv"", ""item_text"": ""Is the information disclosed in an itemized format (as opposed to an aggregated or lump-sum amount)?""}, {""framework"": ""sunlight_2015"", ""item_id"": ""expenditure_transparency"", ""item_text"": ""Expenditure Transparency (no report / lump / broad categories / itemized w/ dates+desc)""}]",is_itemized,is_itemized,True,
RPT_LOBBYIST_ISSUE_GENERAL,Lobbyist report discloses general issues lobbied,Are lobbyists required to disclose information on the issue lobbied by the general issues lobbied?.,reporting,boolean,"[{""framework"": ""pri_2010_disclosure"", ""item_id"": ""E2g_i"", ""item_text"": ""Are lobbyists required to disclose information on the issue lobbied by the general issues lobbied?""}, {""framework"": ""sunlight_2015"", ""item_id"": ""activity"", ""item_text"": ""Lobbyist Activity reporting (general subjects vs bills/actions vs bills+position)""}, {""framework"": ""hired_guns_2007"", ""item_id"": ""Q20_subject"", ""item_text"": ""Subject-matter portion of CPI Q20""}, {""framework"": ""newmark_2017"", ""item_id"": ""disc_seeking_to_influence"", ""item_text"": ""Seeking to influence (component)""}, {""framework"": ""newmark_2005"", ""item_id"": ""disc_seeking_to_influence"", ""item_text"": ""Seeking to influence (component)""}]",positions[].general_issue_area,positions[].general_issue_area,True,
RPT_LOBBYIST_BILL_SPECIFIC,Lobbyist report discloses specific bill numbers / legislation IDs,Are lobbyists required to disclose information on the issue lobbied by the specific bill number or legislation ID?.,reporting,boolean,"[{""framework"": ""pri_2010_disclosure"", ""item_id"": ""E2g_ii"", ""item_text"": ""Are lobbyists required to disclose information on the issue lobbied by the specific bill number or legislation ID?""}, {""framework"": ""sunlight_2015"", ""item_id"": ""activity"", ""item_text"": ""Lobbyist Activity reporting (general subjects vs bills/actions vs bills+position)""}, {""framework"": ""hired_guns_2007"", ""item_id"": ""Q20"", ""item_text"": ""Is subject matter or bill number to be addressed by a lobbyist required on spending reports?""}, {""framework"": ""newmark_2017"", ""item_id"": ""disc_seeking_to_influence"", ""item_text"": ""Seeking to influence (component)""}, {""framework"": ""newmark_2005"", ""item_id"": ""disc_seeking_to_influence"", ""item_text"": ""Seeking to influence (component)""}]",positions[].bill_reference,positions[].bill_reference,True,
FREQ_LOBBYIST_MONTHLY,Lobbyist reporting frequency: monthly,Reporting frequency option: Monthly.,reporting,boolean,"[{""framework"": ""pri_2010_disclosure"", ""item_id"": ""E2h_i"", ""item_text"": ""Reporting frequency option: Monthly.""}, {""framework"": ""newmark_2005"", ""item_id"": ""freq_binary"", ""item_text"": ""Reporting more frequent than annual (component of disjunction)""}, {""framework"": ""opheim_1991"", ""item_id"": ""freq_binary"", ""item_text"": ""Monthly during session (component of disjunction)""}, {""framework"": ""hired_guns_2007"", ""item_id"": ""Q12"", ""item_text"": ""How often during each two-year cycle is a lobbyist required to report spending? (component of disjunction)""}, {""framework"": ""opensecrets_2022"", ""item_id"": ""timely_disclosure"", ""item_text"": ""Monthly during session (baseline for timely disclosure score, component)""}]",,,True,
FREQ_LOBBYIST_QUARTERLY,Lobbyist reporting frequency: quarterly,Reporting frequency option: Quarterly.,reporting,boolean,"[{""framework"": ""pri_2010_disclosure"", ""item_id"": ""E2h_ii"", ""item_text"": ""Reporting frequency option: Quarterly.""}, {""framework"": ""newmark_2005"", ""item_id"": ""freq_binary"", ""item_text"": ""Reporting more frequent than annual (component of disjunction)""}, {""framework"": ""opensecrets_2022"", ""item_id"": ""timely_disclosure"", ""item_text"": ""Quarterly off-session (baseline for timely disclosure score, component)""}]",,,True,
FREQ_LOBBYIST_TRI_ANNUAL,Lobbyist reporting frequency: tri-annual (legislative calendar),Reporting frequency option: Tri-annually (linked with legislative calendar).,reporting,boolean,"[{""framework"": ""pri_2010_disclosure"", ""item_id"": ""E2h_iii"", ""item_text"": ""Reporting frequency option: Tri-annually (linked with legislative calendar).""}, {""framework"": ""newmark_2005"", ""item_id"": ""freq_binary"", ""item_text"": ""Reporting more frequent than annual (component of disjunction)""}]",,,True,
FREQ_LOBBYIST_SEMI_ANNUAL,Lobbyist reporting frequency: semi-annual,Reporting frequency option: Semi-annually.,reporting,boolean,"[{""framework"": ""pri_2010_disclosure"", ""item_id"": ""E2h_iv"", ""item_text"": ""Reporting frequency option: Semi-annually.""}, {""framework"": ""newmark_2005"", ""item_id"": ""freq_binary"", ""item_text"": ""Reporting more frequent than annual (component of disjunction)""}]",,,True,
FREQ_LOBBYIST_ANNUAL,Lobbyist reporting frequency: annual,Reporting frequency option: Annually.,reporting,boolean,"[{""framework"": ""pri_2010_disclosure"", ""item_id"": ""E2h_v"", ""item_text"": ""Reporting frequency option: Annually.""}]",,,True,
FREQ_LOBBYIST_OTHER,Lobbyist reporting frequency: other (free-text),Reporting frequency option: Other (free-text).,reporting,free_text,"[{""framework"": ""pri_2010_disclosure"", ""item_id"": ""E2h_vi"", ""item_text"": ""Reporting frequency option: Other (free-text).""}]",,,True,
RPT_LOBBYIST_CONTACTS_LOGGED,Lobbyist must disclose contacts (contact log),Are lobbyists required to disclose contacts?.,contact_log,boolean,"[{""framework"": ""pri_2010_disclosure"", ""item_id"": ""E2i"", ""item_text"": ""Are lobbyists required to disclose contacts?""}]",engagements[],engagements[],True,Gate item: presence of any engagement entry = contacts disclosed.
ACC_DATA_AVAILABLE_AT_ALL,"Some lobbying data available (any format, by request or web)","At least some lobbying data available (in any format) either by request (email, telephone, fax, etc.) or anonymously (web-based).",accessibility,boolean,"[{""framework"": ""pri_2010_accessibility"", ""item_id"": ""Q1"", ""item_text"": ""At least some lobbying data available (in any format) either by request (email, telephone, fax, etc.) or anonymously (web-based).""}, {""framework"": ""focal_2024"", ""item_id"": ""3.3"", ""item_text"": ""Available without registration, free to access, open license (eg, no limits to reuse), non-proprietary format (eg, CSV, not Excel), machine readable""}, {""framework"": ""sunlight_2015"", ""item_id"": ""document_accessibility"", ""item_text"": ""Document Accessibility (portal usability for finding & downloading data)""}, {""framework"": ""opensecrets_2022"", ""item_id"": ""public_lists_baseline"", ""item_text"": ""Baseline lobbyist/client lists available""}]",,,True,
ACC_DEDICATED_WEBSITE,Dedicated state lobbying website exists,The state has a dedicated website for lobbying information.,accessibility,boolean,"[{""framework"": ""pri_2010_accessibility"", ""item_id"": ""Q2"", ""item_text"": ""The state has a dedicated website for lobbying information.""}, {""framework"": ""focal_2024"", ""item_id"": ""3.1"", ""item_text"": ""Lobbyist register is online""}, {""framework"": ""hired_guns_2007"", ""item_id"": ""Q28"", ""item_text"": ""Online registration filing""}, {""framework"": ""hired_guns_2007"", ""item_id"": ""Q29"", ""item_text"": ""Online spending report filing""}, {""framework"": ""opensecrets_2022"", ""item_id"": ""public_lists"", ""item_text"": ""Easily accessible lobbyist/client lists""}]",,,True,
ACC_WEBSITE_FINDABILITY,State lobbying website is easily found,How easily a state's lobbying website can be found.,accessibility,boolean,"[{""framework"": ""pri_2010_accessibility"", ""item_id"": ""Q3"", ""item_text"": ""How easily a state's lobbying website can be found.""}]",,,True,
ACC_CURRENT_YEAR_DATA,Current-year lobbying data available on the website,At least some current lobbying data/information available on the website for the most recent year.,accessibility,boolean,"[{""framework"": ""pri_2010_accessibility"", ""item_id"": ""Q4"", ""item_text"": ""At least some current lobbying data/information available on the website for the most recent year.""}]",,,True,
ACC_HISTORICAL_DATA,"Historical lobbying data available, downloadable, or viewable","Historical lobbying information is available, downloadable, or at least viewable on the state's website.",accessibility,boolean,"[{""framework"": ""pri_2010_accessibility"", ""item_id"": ""Q5"", ""item_text"": ""Historical lobbying information is available, downloadable, or at least viewable on the state's website.""}, {""framework"": ""focal_2024"", ""item_id"": ""3.8"", ""item_text"": ""Historical data in lobbyist register is archived and published; downloadable""}]",,,True,
ACC_DOWNLOAD_ANALYSIS_READY,Data downloadable in analysis-ready electronic format (CSV / Excel / SPSS),"How easily users can download lobbying data and information and analyze it, and specifically, whether users are able to download information in an electronic format that is immediately useable for analysis, such as Excel or SPSS.",accessibility,boolean,"[{""framework"": ""pri_2010_accessibility"", ""item_id"": ""Q6"", ""item_text"": ""How easily users can download lobbying data and information and analyze it, and specifically, whether users are able to download information in an electronic format that is immediately useable for analysis, such as Excel or SPSS.""}, {""framework"": ""focal_2024"", ""item_id"": ""3.3"", ""item_text"": ""Available without registration, free to access, open license (eg, no limits to reuse), non-proprietary format (eg, CSV, not Excel), machine readable""}, {""framework"": ""focal_2024"", ""item_id"": ""3.4"", ""item_text"": ""Downloadable (eg, as files, database)""}, {""framework"": ""sunlight_2015"", ""item_id"": ""document_accessibility"", ""item_text"": ""Document Accessibility (portal usability for finding & downloading data)""}, {""framework"": ""hired_guns_2007"", ""item_id"": ""Q31"", ""item_text"": ""Format of registrations directory""}, {""framework"": ""hired_guns_2007"", ""item_id"": ""Q32"", ""item_text"": ""Format of spending reports""}, {""framework"": ""opensecrets_2022"", ""item_id"": ""public_download"", ""item_text"": ""Downloadable data""}]",,,True,
ACC_SORT_BY_PRINCIPAL,"Search/sort by principal (city, hiring authority, employer, corporation)",Can users specify data searches on the website by Principal (city; authority hiring; employer; corporation; etc.).,accessibility,boolean,"[{""framework"": ""pri_2010_accessibility"", ""item_id"": ""Q7a"", ""item_text"": ""Can users specify data searches on the website by Principal (city; authority hiring; employer; corporation; etc.).""}]",,,True,
ACC_SORT_BY_PRINCIPAL_LOCATION,"Search/sort by principal location (address, city)",Can users specify data searches on the website by Principal's location (specific address; city).,accessibility,boolean,"[{""framework"": ""pri_2010_accessibility"", ""item_id"": ""Q7b"", ""item_text"": ""Can users specify data searches on the website by Principal's location (specific address; city).""}]",,,True,
ACC_SORT_BY_LOBBYIST_NAME,Search/sort by lobbyist name,Can users specify data searches on the website by Lobbyist name.,accessibility,boolean,"[{""framework"": ""pri_2010_accessibility"", ""item_id"": ""Q7c"", ""item_text"": ""Can users specify data searches on the website by Lobbyist name.""}]",,,True,
ACC_SORT_BY_LOBBYIST_LOCATION,"Search/sort by lobbyist location (address, city)",Can users specify data searches on the website by Lobbyist location (specific address; city).,accessibility,boolean,"[{""framework"": ""pri_2010_accessibility"", ""item_id"": ""Q7d"", ""item_text"": ""Can users specify data searches on the website by Lobbyist location (specific address; city).""}]",,,True,
ACC_SORT_BY_DATE,Search/sort by specific date,Can users specify data searches on the website by Specific date.,accessibility,boolean,"[{""framework"": ""pri_2010_accessibility"", ""item_id"": ""Q7e"", ""item_text"": ""Can users specify data searches on the website by Specific date.""}]",,,True,
ACC_SORT_BY_PERIOD,Search/sort by specific time period (quarter etc.),Can users specify data searches on the website by Specific time period (normally quarter but it depends on how often the law requires data to be disclosed).,accessibility,boolean,"[{""framework"": ""pri_2010_accessibility"", ""item_id"": ""Q7f"", ""item_text"": ""Can users specify data searches on the website by Specific time period (normally quarter but it depends on how often the law requires data to be disclosed).""}]",,,True,
ACC_SORT_BY_TOTAL_EXPENDITURES,Search/sort by total expenditures,Can users specify data searches on the website by Total expenditures.,accessibility,boolean,"[{""framework"": ""pri_2010_accessibility"", ""item_id"": ""Q7g"", ""item_text"": ""Can users specify data searches on the website by Total expenditures.""}]",,,True,
ACC_SORT_BY_COMPENSATION,Search/sort by compensation spending,Can users specify data searches on the website by Compensation spending (portion of total expenditures for which the lobbyist is paid back).,accessibility,boolean,"[{""framework"": ""pri_2010_accessibility"", ""item_id"": ""Q7h"", ""item_text"": ""Can users specify data searches on the website by Compensation spending (portion of total expenditures for which the lobbyist is paid back).""}]",,,True,
ACC_SORT_BY_MISC_EXPENSES,Search/sort by miscellaneous (non-compensation) expenses,Can users specify data searches on the website by Miscellaneous expenses (non-compensation).,accessibility,boolean,"[{""framework"": ""pri_2010_accessibility"", ""item_id"": ""Q7i"", ""item_text"": ""Can users specify data searches on the website by Miscellaneous expenses (non-compensation).""}]",,,True,
ACC_SORT_BY_FUNDING_SOURCE,Search/sort by sources of funding (public/taxpayer-funded),Can users specify data searches on the website by Sources of funding (emphasis on public/taxpayer-funded).,accessibility,boolean,"[{""framework"": ""pri_2010_accessibility"", ""item_id"": ""Q7j"", ""item_text"": ""Can users specify data searches on the website by Sources of funding (emphasis on public/taxpayer-funded).""}]",,,True,
ACC_SORT_BY_SUBJECT,Search/sort by subject of lobbying (item of legislation),Can users specify data searches on the website by Subject of lobbying (or item of legislation).,accessibility,boolean,"[{""framework"": ""pri_2010_accessibility"", ""item_id"": ""Q7k"", ""item_text"": ""Can users specify data searches on the website by Subject of lobbying (or item of legislation).""}]",,,True,
ACC_SORT_BY_DESIGNATED_ENTITY,Search/sort by designated entities assigned to lobbyist,Can users specify data searches on the website by Designated entities assigned to lobbyist (group/congressman the lobbyist is working for).,accessibility,boolean,"[{""framework"": ""pri_2010_accessibility"", ""item_id"": ""Q7l"", ""item_text"": ""Can users specify data searches on the website by Designated entities assigned to lobbyist (group/congressman the lobbyist is working for).""}]",,,True,
ACC_SORT_BY_LEGAL_STATUS,Search/sort by legal status of principal (govt / non-profit / for-profit),Can users specify data searches on the website by Legal status of the principal (government; non-profit; for-profit; etc.).,accessibility,boolean,"[{""framework"": ""pri_2010_accessibility"", ""item_id"": ""Q7m"", ""item_text"": ""Can users specify data searches on the website by Legal status of the principal (government; non-profit; for-profit; etc.).""}]",,,True,
ACC_SORT_BY_SECTOR,Search/sort by sector,Can users specify data searches on the website by Sector (transport; energy; banking; education; social services; etc.).,accessibility,boolean,"[{""framework"": ""pri_2010_accessibility"", ""item_id"": ""Q7n"", ""item_text"": ""Can users specify data searches on the website by Sector (transport; energy; banking; education; social services; etc.).""}]",,,True,
ACC_SORT_BY_SUB_SECTOR,Search/sort by sub-sector,Can users specify data searches on the website by Sub-sector (K–12; secondary; vocational; etc.).,accessibility,boolean,"[{""framework"": ""pri_2010_accessibility"", ""item_id"": ""Q7o"", ""item_text"": ""Can users specify data searches on the website by Sub-sector (K\u201312; secondary; vocational; etc.).""}]",,,True,
ACC_MULTI_CRITERIA_SORT,Multi-criteria simultaneous sort (ordinal 0-15),Users can simultaneously sort lobbying data by multiple criteria.,accessibility,categorical,"[{""framework"": ""pri_2010_accessibility"", ""item_id"": ""Q8"", ""item_text"": ""Users can simultaneously sort lobbying data by multiple criteria.""}, {""framework"": ""focal_2024"", ""item_id"": ""3.5"", ""item_text"": ""Searchable, simultaneous sorting with multiple criteria""}, {""framework"": ""sunlight_2015"", ""item_id"": ""document_accessibility"", ""item_text"": ""Document Accessibility (portal usability for finding & downloading data)""}, {""framework"": ""opensecrets_2022"", ""item_id"": ""public_search"", ""item_text"": ""User-friendly search feature""}]",,,True,
REG_LOBBYING_TARGETS_SCOPE,Scope of officials counted as lobbying targets,"The following are included as targets of lobbying: legislative branches, executive branch officials, Ministers, Deputy Ministers, members of parliament, Director-Generals and senior officials, staff, administrative branch/bureaucracy.",registration,categorical,"[{""framework"": ""focal_2024"", ""item_id"": ""1.3"", ""item_text"": ""The following are included as targets of lobbying: legislative branches, executive branch officials, Ministers, Deputy Ministers, members of parliament, Director-Generals and senior officials, staff, administrative branch/bureaucracy""}]",,,False,
REG_LOBBYING_ACTIVITY_FORMS_SCOPE,"Scope of activity forms counted as lobbying (oral, written, electronic, events)","A wide breadth of activities are included, eg, oral, written, electronic, virtual communications; organising meetings for others; events; phone calls and emails.",registration,categorical,"[{""framework"": ""focal_2024"", ""item_id"": ""1.4"", ""item_text"": ""A wide breadth of activities are included, eg, oral, written, electronic, virtual communications; organising meetings for others; events; phone calls and emails""}]",,,False,
ACC_REGISTRY_UPDATE_FRESHNESS,Registry change updates frequency (target close to real-time),"Changes (eg, registering/deregistering lobbyists, new clients) are updated close to real time (eg, daily).",accessibility,categorical,"[{""framework"": ""focal_2024"", ""item_id"": ""2.1"", ""item_text"": ""Changes (eg, registering/deregistering lobbyists, new clients) are updated close to real time (eg, daily)""}, {""framework"": ""hired_guns_2007"", ""item_id"": ""Q38"", ""item_text"": ""How often are lobby lists updated?""}]",,,True,
ACC_ACTIVITY_DISCLOSURE_FRESHNESS,Lobbying activity disclosure freshness (target close to real-time),"Lobbying activities are disclosed close to real time (eg, daily).",accessibility,categorical,"[{""framework"": ""focal_2024"", ""item_id"": ""2.2"", ""item_text"": ""Lobbying activities are disclosed close to real time (eg, daily)""}]",,,True,
RPT_OFFICIAL_DIARY_DISCLOSURE,Officials' / ministers' diaries (calendars / meeting logs) disclosed,Ministerial diaries are disclosed monthly (or more frequently).,contact_log,boolean,"[{""framework"": ""focal_2024"", ""item_id"": ""2.3"", ""item_text"": ""Ministerial diaries are disclosed monthly (or more frequently)""}]",,,False,
ACC_DIARIES_ONLINE,Lobbyist / minister diaries available online,"Diaries available online (eg, lobbyists, ministers, ministerial staff).",accessibility,boolean,"[{""framework"": ""focal_2024"", ""item_id"": ""3.2"", ""item_text"": ""Diaries available online (eg, lobbyists, ministers, ministerial staff)""}]",,,True,
ACC_UNIQUE_IDENTIFIERS,"Unique identifiers in registry (lobbyists, individuals, organisations)","Unique identifiers (eg, for lobbyists, individuals, organisations).",accessibility,boolean,"[{""framework"": ""focal_2024"", ""item_id"": ""3.6"", ""item_text"": ""Unique identifiers (eg, for lobbyists, individuals, organisations)""}]",,,True,
ACC_LINKED_DATA,"Linked / interconnected data (to other datasets, e.g. campaign finance)","Linked or interconnected data (to other datasets, eg, campaign financing).",accessibility,boolean,"[{""framework"": ""focal_2024"", ""item_id"": ""3.7"", ""item_text"": ""Linked or interconnected data (to other datasets, eg, campaign financing)""}]",,,True,
ACC_CHANGE_FLAGGING,Changes / updates documented with a flagging system,Changes or updates documented with a flagging system.,accessibility,boolean,"[{""framework"": ""focal_2024"", ""item_id"": ""3.9"", ""item_text"": ""Changes or updates documented with a flagging system""}]",,,True,
RPT_ORG_REGISTRATION_NUMBER,Organization registration number (Sec-of-State entity ID or EIN),Company registration number.,reporting,free_text,"[{""framework"": ""focal_2024"", ""item_id"": ""4.4"", ""item_text"": ""Company registration number""}]",,,True,
RPT_SECTOR_DISCLOSED,Sector / sub-sector of principal disclosed,"Sector (eg, transport, energy), sub sector.",reporting,categorical,"[{""framework"": ""focal_2024"", ""item_id"": ""4.5"", ""item_text"": ""Sector (eg, transport, energy), sub sector""}]",,,True,
RPT_LOBBYIST_CONTRACT_TYPE,Type of lobbyist contract (salaried / contracted),"Type of lobbyist contract (eg, salaried staff, contracted).",reporting,categorical,"[{""framework"": ""focal_2024"", ""item_id"": ""4.6"", ""item_text"": ""Type of lobbyist contract (eg, salaried staff, contracted)""}, {""framework"": ""hired_guns_2007"", ""item_id"": ""Q10"", ""item_text"": ""Is a lobbyist required to include on the registration form additional information about the type of lobbying work he or she does?""}]",,,True,
REVOLVING_LOBBYIST_PRIOR_OFFICES,List of all prior public offices held by lobbyist with dates,"List of all prior public offices that lobbyists have held, dates when left office.",revolving_door,compound,"[{""framework"": ""focal_2024"", ""item_id"": ""5.1"", ""item_text"": ""List of all prior public offices that lobbyists have held, dates when left office""}]",,,True,
REVOLVING_COOLING_OFF_DATABASE,Database of officials banned from lobbying (cooling-off period),"Database of public officials who are subject to a ban on lobbying (eg, cooling off period).",revolving_door,boolean,"[{""framework"": ""focal_2024"", ""item_id"": ""5.2"", ""item_text"": ""Database of public officials who are subject to a ban on lobbying (eg, cooling off period)""}]",,,True,
REL_BOARD_SEATS,"List of board seats held (associations, companies)","List of board seats held (eg, in associations, companies).",relationship,compound,"[{""framework"": ""focal_2024"", ""item_id"": ""6.3"", ""item_text"": ""List of board seats held (eg, in associations, companies)""}]",,,True,
REL_OFFICIAL_BUSINESS_TIES,"Direct business associations with public officials, candidates, or household members","Direct business associations with public officials, candidates or members of their households.",relationship,compound,"[{""framework"": ""focal_2024"", ""item_id"": ""6.4"", ""item_text"": ""Direct business associations with public officials, candidates or members of their households""}, {""framework"": ""hired_guns_2007"", ""item_id"": ""Q22"", ""item_text"": ""Is a lobbyist required to disclose direct business associations with public officials, candidates or members of their households?""}]",,,True,
FIN_INCOME_PER_CLIENT,Lobbying income per client (consultants / firms),Lobbying income per client.,financial,numeric,"[{""framework"": ""focal_2024"", ""item_id"": ""7.2"", ""item_text"": ""Lobbying income per client""}, {""framework"": ""newmark_2017"", ""item_id"": ""disc_comp_by_employer"", ""item_text"": ""Compensation received (broken down by employer)""}, {""framework"": ""newmark_2005"", ""item_id"": ""disc_comp_by_employer"", ""item_text"": ""Compensation received broken down by employers""}, {""framework"": ""opheim_1991"", ""item_id"": ""disc_sources_of_income"", ""item_text"": ""Sources of income""}]",,,True,
FIN_TIME_SPENT_LOBBYING,Amount of time spent on lobbying,Amount of time spent on lobbying.,financial,numeric,"[{""framework"": ""focal_2024"", ""item_id"": ""7.5"", ""item_text"": ""Amount of time spent on lobbying""}]",,,True,
FIN_EXPENDITURE_PER_ISSUE,Expenditure per issue / topic,Expenditure per issue.,financial,numeric,"[{""framework"": ""focal_2024"", ""item_id"": ""7.8"", ""item_text"": ""Expenditure per issue""}]",,,True,
FIN_TRADE_ASSOCIATION_DUES,Expenditure on membership / sponsorship of organisations that lobby,"Expenditure on membership/sponsorship of organisations that lobby (eg, trade associations).",financial,numeric,"[{""framework"": ""focal_2024"", ""item_id"": ""7.9"", ""item_text"": ""Expenditure on membership/sponsorship of organisations that lobby (eg, trade associations)""}]",,,True,
FIN_CAMPAIGN_CONTRIBUTIONS,Campaign / political contributions disclosed (incl. in-kind),"Campaign/political contributions, including in-kind.",financial,compound,"[{""framework"": ""focal_2024"", ""item_id"": ""7.11"", ""item_text"": ""Campaign/political contributions, including in-kind""}, {""framework"": ""hired_guns_2007"", ""item_id"": ""Q24_disclosed"", ""item_text"": ""Disclosure half of CPI Q24 (campaign contributions reported on spending report)""}]",,,True,
CONTACT_BENEFICIARY,Contact log: organisation / interest represented (beneficiary),Organisation/interest(s) represented (beneficiary).,contact_log,free_text,"[{""framework"": ""focal_2024"", ""item_id"": ""8.1"", ""item_text"": ""Organisation/interest(s) represented (beneficiary)""}]",,,True,
CONTACT_PERSONS_CONTACTED,Contact log: names of persons contacted and their position,Names of persons contacted and their position/role.,contact_log,compound,"[{""framework"": ""focal_2024"", ""item_id"": ""8.2"", ""item_text"": ""Names of persons contacted and their position/role""}]",,,True,
CONTACT_INSTITUTION,Contact log: institution / department contacted,Institution/department contacted.,contact_log,free_text,"[{""framework"": ""focal_2024"", ""item_id"": ""8.3"", ""item_text"": ""Institution/department contacted""}]",,,True,
CONTACT_MEETING_ATTENDEES,Contact log: names of all meeting attendees,"If a meeting, names of all attendees.",contact_log,compound,"[{""framework"": ""focal_2024"", ""item_id"": ""8.4"", ""item_text"": ""If a meeting, names of all attendees""}]",,,True,
CONTACT_DATE,Contact log: date,Date.,contact_log,free_text,"[{""framework"": ""focal_2024"", ""item_id"": ""8.5"", ""item_text"": ""Date""}]",,,True,
CONTACT_FORM,"Contact log: form (in-person, video, phone)","Form (eg, in person meeting, video conference, phone call).",contact_log,categorical,"[{""framework"": ""focal_2024"", ""item_id"": ""8.6"", ""item_text"": ""Form (eg, in person meeting, video conference, phone call)""}]",,,True,
CONTACT_LOCATION,Contact log: location,Location.,contact_log,free_text,"[{""framework"": ""focal_2024"", ""item_id"": ""8.7"", ""item_text"": ""Location""}]",,,True,
CONTACT_MATERIALS_SHARED,Contact log: materials shared (excluding commercially sensitive),"Any materials that were shared, excluding commercially sensitive materials (before, during and after the meeting).",contact_log,free_text,"[{""framework"": ""focal_2024"", ""item_id"": ""8.8"", ""item_text"": ""Any materials that were shared, excluding commercially sensitive materials (before, during and after the meeting)""}]",,,True,
CONTACT_TOPICS,Contact log: topics / issues discussed,Topics/issues discussed.,contact_log,free_text,"[{""framework"": ""focal_2024"", ""item_id"": ""8.9"", ""item_text"": ""Topics/issues discussed""}]",,,True,
CONTACT_OUTCOMES_SOUGHT,Contact log: outcomes sought (legislation supported / opposed),"Outcomes sought (eg, legislation/policies supported/opposed).",contact_log,free_text,"[{""framework"": ""focal_2024"", ""item_id"": ""8.10"", ""item_text"": ""Outcomes sought (eg, legislation/policies supported/opposed)""}]",,,True,
CONTACT_LEGISLATIVE_REFERENCES,Contact log: targeted legislation / bill numbers / measures,"Targeted areas of public policy or legislation, including a list of official legislative references/bill numbers/measures etc.",contact_log,compound,"[{""framework"": ""focal_2024"", ""item_id"": ""8.11"", ""item_text"": ""Targeted areas of public policy or legislation, including a list of official legislative references/bill numbers/measures etc""}]",,,True,
RPT_POSITION_TAKEN,Lobbyist position taken on legislation (support/oppose),Position taken on each bill or item lobbied (support/oppose).,reporting,categorical,"[{""framework"": ""sunlight_2015"", ""item_id"": ""position_taken"", ""item_text"": ""Position taken on each bill or item lobbied (support/oppose)""}, {""framework"": ""opheim_1991"", ""item_id"": ""disc_legislation_supported_opposed"", ""item_text"": ""Legislation approved or opposed by lobbyist""}]",,,True,
RPT_EXPENDITURE_FORMAT_GRANULARITY,Expenditure report format granularity (lump / broad / itemized-w/-dates+desc),Expenditure format granularity.,reporting,categorical,"[{""framework"": ""sunlight_2015"", ""item_id"": ""expenditure_format_granularity"", ""item_text"": ""Expenditure format granularity""}, {""framework"": ""newmark_2017"", ""item_id"": ""disc_categories_expenditures"", ""item_text"": ""Categories of expenditures""}, {""framework"": ""newmark_2005"", ""item_id"": ""disc_categories_expenditures"", ""item_text"": ""Categories of expenditures""}, {""framework"": ""opheim_1991"", ""item_id"": ""disc_spending_by_category"", ""item_text"": ""Spending by category""}, {""framework"": ""hired_guns_2007"", ""item_id"": ""Q14"", ""item_text"": ""Are summaries (totals) of spending classified by category types?""}]",,,True,
RPT_EXPENDITURE_ITEMIZATION_THRESHOLD,Expenditure itemization threshold (expenses below $X exempt from itemization),Threshold below which expenditure itemization is not required.,reporting,numeric,"[{""framework"": ""sunlight_2015"", ""item_id"": ""expenditure_itemization_threshold"", ""item_text"": ""Threshold below which expenditure itemization is not required""}, {""framework"": ""hired_guns_2007"", ""item_id"": ""Q15"", ""item_text"": ""What spending must be itemized?""}]",,,False,
DEF_ADMIN_AGENCY_LOBBYING_TRIGGER,Administrative-agency lobbying triggers registration (definitional),Statutory definition of lobbying includes contact with administrative / executive-branch agencies as a registration trigger.,definitions,boolean,"[{""framework"": ""newmark_2017"", ""item_id"": ""def_admin_agency_lobbying"", ""item_text"": ""Administrative agency lobbying""}, {""framework"": ""newmark_2005"", ""item_id"": ""def_admin_agency_lobbying"", ""item_text"": ""Administrative agency lobbying""}, {""framework"": ""opheim_1991"", ""item_id"": ""def_admin_agency_lobbying"", ""item_text"": ""Administrative agency lobbying as criterion in definition""}, {""framework"": ""hired_guns_2007"", ""item_id"": ""Q1"", ""item_text"": ""In addition to legislative lobbyists, does the definition recognize executive branch lobbyists?""}]",,,False,
DEF_ELECTED_OFFICIAL_AS_LOBBYIST,Elected officials defined as lobbyists,Statutory definition treats elected officials as lobbyists when they engage in lobbying-related behaviors.,definitions,boolean,"[{""framework"": ""newmark_2017"", ""item_id"": ""def_elected_officials"", ""item_text"": ""Elected officials as lobbyists""}, {""framework"": ""newmark_2005"", ""item_id"": ""def_elected_officials"", ""item_text"": ""Elected officials as lobbyists""}, {""framework"": ""opheim_1991"", ""item_id"": ""def_elective_officials"", ""item_text"": ""Elective officials designated as lobbyists""}]",,,False,
DEF_PUBLIC_EMPLOYEE_AS_LOBBYIST,Public employees defined as lobbyists,Statutory definition treats public employees as lobbyists when in lobbying-related behaviors.,definitions,boolean,"[{""framework"": ""newmark_2017"", ""item_id"": ""def_public_employees"", ""item_text"": ""Public employees as lobbyists""}, {""framework"": ""newmark_2005"", ""item_id"": ""def_public_employees"", ""item_text"": ""Public employees as lobbyists""}, {""framework"": ""opheim_1991"", ""item_id"": ""def_public_employees"", ""item_text"": ""Public employees designated as lobbyists""}]",,,False,
DEF_COMPENSATION_STANDARD,Compensation-received threshold in lobbyist definition,"Statutory definition includes a compensation-received threshold (income-side: paid > $X per period = lobbyist), distinct from PRI D1 expenditure-side threshold.",definitions,boolean,"[{""framework"": ""newmark_2017"", ""item_id"": ""def_compensation_standard"", ""item_text"": ""Compensation standard""}, {""framework"": ""newmark_2005"", ""item_id"": ""def_compensation_standard"", ""item_text"": ""Compensation standard""}, {""framework"": ""opheim_1991"", ""item_id"": ""def_compensation_standard"", ""item_text"": ""Compensation standard""}, {""framework"": ""hired_guns_2007"", ""item_id"": ""Q2_compensation"", ""item_text"": ""Compensation portion of qualification threshold (CPI Q2)""}]",,,False,
REG_PRE_LOBBYING_REGISTRATION_WINDOW,Days lobbying allowed before registration required,"Maximum number of days a lobbyist may lobby before registration becomes mandatory (delay-to-register, not a fraction-of-time exemption).",registration,numeric,"[{""framework"": ""hired_guns_2007"", ""item_id"": ""Q4"", ""item_text"": ""How many days can lobbying take place before registration is required?""}]",,,False,
REG_BILL_SUBJECT_ON_REGISTRATION,Bill / subject matter required on registration form,Registration form requires lobbyist to identify subject matter (general) or specific bill numbers being lobbied.,registration,categorical,"[{""framework"": ""hired_guns_2007"", ""item_id"": ""Q5"", ""item_text"": ""Is subject matter or bill number to be addressed by a lobbyist required on registration forms?""}]",,,True,
REG_REGISTRATION_RENEWAL_FREQUENCY,Registration renewal frequency,How often a lobbyist must renew or re-file their registration (once / every 2 years / annually or more).,registration,categorical,"[{""framework"": ""hired_guns_2007"", ""item_id"": ""Q6"", ""item_text"": ""How often is registration by a lobbyist required?""}]",,,False,
REG_CHANGE_NOTIFICATION_WINDOW,Days to notify oversight agency of registration changes,Maximum number of days within which a lobbyist must report changes to their registration information.,registration,numeric,"[{""framework"": ""hired_guns_2007"", ""item_id"": ""Q7"", ""item_text"": ""Within how many days must a lobbyist notify the oversight agency of changes in registration?""}]",,,False,
REG_PHOTO_REQUIRED,Photograph required with lobbyist registration,Registration requires submission of a photograph (typically for an identification badge).,registration,boolean,"[{""framework"": ""hired_guns_2007"", ""item_id"": ""Q8"", ""item_text"": ""Is a lobbyist required to submit a photograph with registration?""}]",,,True,
RPT_ITEMIZED_PRINCIPAL_BENEFITED,Itemized expenditure: lobbyist employer/principal who benefited,"On the spending report, the lobbyist must identify the specific employer/principal on whose behalf each itemized expenditure was made.",reporting,boolean,"[{""framework"": ""hired_guns_2007"", ""item_id"": ""Q16"", ""item_text"": ""Is the lobbyist employer/principal on whose behalf the itemized expenditure was made required to be identified?""}]",,,True,
RPT_ITEMIZED_RECIPIENT,Itemized expenditure: recipient (legislator / staff / family),Lobbyist must identify the legislator (or staff/family member) who received/benefited from each itemized expenditure.,reporting,boolean,"[{""framework"": ""hired_guns_2007"", ""item_id"": ""Q17"", ""item_text"": ""Is the recipient of the itemized expenditure required to be identified?""}]",,,True,
RPT_ITEMIZED_DATE,Itemized expenditure: date,Lobbyist must identify the date of each itemized expenditure.,reporting,boolean,"[{""framework"": ""hired_guns_2007"", ""item_id"": ""Q18"", ""item_text"": ""Is the date of the itemized expenditure required to be reported?""}]",,,True,
RPT_ITEMIZED_DESCRIPTION,Itemized expenditure: description,"Lobbyist must include a description (or category, e.g., food / postage) for each itemized expenditure.",reporting,boolean,"[{""framework"": ""hired_guns_2007"", ""item_id"": ""Q19"", ""item_text"": ""Is a description of the itemized expenditure required to be reported?""}]",,,True,
RPT_HOUSEHOLD_OF_OFFICIAL_SPENDING,Spending on household members of public officials disclosed,Lobbyist must report spending that benefits household members of public officials (refinement of expenditures-benefitting-officials).,reporting,boolean,"[{""framework"": ""hired_guns_2007"", ""item_id"": ""Q21"", ""item_text"": ""Is spending on household members of public officials by a lobbyist required to be reported?""}]",,,True,
RPT_ZERO_ACTIVITY_FILING,No-activity report required when lobbyist has no spending,Lobbyist who did no spending during a filing period must still file a report indicating no activity.,reporting,boolean,"[{""framework"": ""hired_guns_2007"", ""item_id"": ""Q25"", ""item_text"": ""Is a lobbyist who has done no spending during a filing period required to make a report of no activity?""}]",,,True,
ACC_COPIES_COST,Cost per page for paper-copy disclosure requests,Cost the state agency charges per page for paper copies of disclosure documents (a cost barrier to access).,accessibility,numeric,"[{""framework"": ""hired_guns_2007"", ""item_id"": ""Q33"", ""item_text"": ""Cost of copies""}]",,,True,
ACC_SAMPLE_FORMS_ONLINE,Blank/sample registration and spending-report forms available online,State agency provides blank copies of registration forms and spending reports on its website.,accessibility,boolean,"[{""framework"": ""hired_guns_2007"", ""item_id"": ""Q34"", ""item_text"": ""Are sample registration forms/spending reports available the Web?""}]",,,True,
ACC_AGGREGATE_TOTALS_BY_YEAR,Agency publishes aggregate lobbying spending totals by year,State agency publishes an overall aggregate of all lobbying spending by year.,accessibility,boolean,"[{""framework"": ""hired_guns_2007"", ""item_id"": ""Q35"", ""item_text"": ""Does the state agency provide an overall lobbying spending total by year?""}]",,,True,
ACC_AGGREGATE_TOTALS_BY_DEADLINE,Agency publishes aggregate lobbying spending by reporting deadline,State agency publishes aggregate lobbying spending across all reporting-period deadlines.,accessibility,boolean,"[{""framework"": ""hired_guns_2007"", ""item_id"": ""Q36"", ""item_text"": ""Does the state agency provide an overall lobbying spending total by spending-report deadlines?""}]",,,True,
ACC_AGGREGATE_TOTALS_BY_INDUSTRY,Agency publishes aggregate lobbying spending by industry,State agency publishes aggregate lobbying spending broken down by the industries lobbyists represent.,accessibility,boolean,"[{""framework"": ""hired_guns_2007"", ""item_id"": ""Q37"", ""item_text"": ""Does the state agency provide an overall lobbying spending total by industries lobbyists represent?""}]",,,True,
REG_SEPARATE_LOBBYIST_CLIENT_FILINGS,Separate registration filings for lobbyist and client (vs combined),State requires the client/principal to file a registration independently (cleaner data architecture) rather than embedding client identification within the lobbyist's registration.,registration,boolean,"[{""framework"": ""opensecrets_2022"", ""item_id"": ""lobbyist_client_separate"", ""item_text"": ""Separate registrations for lobbyists and clients (vs lobbyists registering and including client names within)""}]",,,True,
DEF_EXPENDITURE_STANDARD,Expenditure-on-lobbying standard in lobbyist definition (inclusion-framed),"Statutory definition includes a lobbying-expenditure threshold as an inclusion-side criterion: 'a person who spends > $X on lobbying IS a lobbyist' (Newmark/Opheim 'expenditure standard'). Exemption-framed counterpart: see THRESHOLD_LOBBYING_EXPENDITURE_PRESENT ('expenses < $X exempt from filing' — PRI D1). A statute can populate one row, the other, or both — they are independent statutory mechanisms when a state combines an inclusion trigger on one axis with an exemption carve-out on another.",definitions,boolean,"[{""framework"": ""newmark_2017"", ""item_id"": ""def_expenditure_standard"", ""item_text"": ""Expenditure standard""}, {""framework"": ""newmark_2005"", ""item_id"": ""def_expenditure_standard"", ""item_text"": ""Expenditure standard""}, {""framework"": ""opheim_1991"", ""item_id"": ""def_expenditure_standard"", ""item_text"": ""Expenditure standard""}]",,,False,
DEF_TIME_STANDARD,Time-spent-on-lobbying standard in lobbyist definition (inclusion-framed),"Statutory definition includes a fraction-of-compensated-time threshold as an inclusion-side criterion: 'a person who spends > X% of compensated time on lobbying IS a lobbyist' (Newmark/Opheim 'time standard'). Exemption-framed counterpart: see THRESHOLD_LOBBYING_TIME_PRESENT ('< X% time exempt from filing' — PRI D2). A statute can populate one row, the other, or both — they are independent statutory mechanisms when a state combines an inclusion trigger on one axis with an exemption carve-out on another.",definitions,boolean,"[{""framework"": ""newmark_2017"", ""item_id"": ""def_time_standard"", ""item_text"": ""Time standard""}, {""framework"": ""newmark_2005"", ""item_id"": ""def_time_standard"", ""item_text"": ""Time standard""}, {""framework"": ""opheim_1991"", ""item_id"": ""def_time_standard"", ""item_text"": ""Time standard""}]",,,False,
