compendium_role	paper_id	indicator_id	indicator_text	section_or_category	indicator_type	scoring_rule	source_quote	notes	extension_rationale	best_core_match_paper	best_core_match_id	best_core_match_sim
core_hg	hired_guns_2007	Q1	In addition to legislative lobbyists, does the deﬁnition recognize executive branch lobbyists?	Deﬁnition of Lobbyist	boolean	No – 0 points Yes – 3 points	1. In addition to legislative lobbyists, does the deﬁnition recognize executive branch lobbyists? No – 0 points Yes – 3 points (papers/text/CPI_2007__hired_guns_methodology.txt:32)	"CPI explicitly carves out: ""States did not receive points for including executive communication in the deﬁnition only when it directly related to legislative action."" Implicit scope condition."				
core_hg	hired_guns_2007	Q2	How much does an individual have to make/spend to qualify as a lobbyist or to prompt registration as a lobbyist, according to the deﬁnition?	Deﬁnition of Lobbyist	ordinal	Qualiﬁcation threshold: More than $500 made/spent – 0 points; More than $100 made/spent – 1 point; More than $50 made/spent – 2 points; $50 or less made/spent – 3 points; Lobbyists qualify and must register no matter how much money made/spent – 4 points	2. How much does an individual have to make/spend to qualify as a lobbyist or to prompt registration as a lobbyist, according to the deﬁnition? (papers/text/CPI_2007__hired_guns_methodology.txt:44)	5-level ordinal threshold scale; 'no threshold' or 'any compensation triggers registration' = full points.				
core_hg	hired_guns_2007	Q3	Is a lobbyist required to ﬁle a registration form?	Individual Registration	boolean	No – 0 points Yes – 3 points	3. Is a lobbyist required to ﬁle a registration form? No – 0 points Yes – 3 points (papers/text/CPI_2007__hired_guns_methodology.txt:64)	Refers to individual lobbyist registration, not employer/group.				
core_hg	hired_guns_2007	Q4	How many days can lobbying take place before registration is required?	Individual Registration	ordinal	16 or more days – 0 points; 11 to 15 days – 1 point; 6 to 10 days – 2 points; 1 to 5 days – 3 points; 0 days – 4 points	4. How many days can lobbying take place before registration is required? (papers/text/CPI_2007__hired_guns_methodology.txt:68)	5-level ordinal grace-period scale.				
core_hg	hired_guns_2007	Q5	Is subject matter or bill number to be addressed by a lobbyist required on registration forms?	Individual Registration	categorical	No bill number/subject matter required – 0 points; Subject matter only required – 1 point; Bill number required – 3 points	5. Is subject matter or bill number to be addressed by a lobbyist required on registration forms? (papers/text/CPI_2007__hired_guns_methodology.txt:75)	3-level categorical (none/subject only/bill number).				
core_hg	hired_guns_2007	Q6	How often is registration by a lobbyist required?	Individual Registration	ordinal	Once only – 0 points; Every two years – 1 point; Annually or more often – 2 points	6. How often is registration by a lobbyist required? Once only – 0 points Every two years – 1 point Annually or more often – 2 points (papers/text/CPI_2007__hired_guns_methodology.txt:84)	Includes regular supplements/refilings.				
core_hg	hired_guns_2007	Q7	Within how many days must a lobbyist notify the oversight agency of changes in registration?	Individual Registration	ordinal	16 – or more days – 0 points; 11 – 15 days – 1 point; 6 – 10 days – 2 points; 1 – 5 days – 3 points; 0 days – 4 points	7. Within how many days must a lobbyist notify the oversight agency of changes in registration? (papers/text/CPI_2007__hired_guns_methodology.txt:94)	Specifically for changes in registration info; not regular spending reports.				
core_hg	hired_guns_2007	Q8	Is a lobbyist required to submit a photograph with registration?	Individual Registration	boolean	No – 0 points Yes – 1 point	8. Is a lobbyist required to submit a photograph with registration? No – 0 points Yes – 1 point (papers/text/CPI_2007__hired_guns_methodology.txt:101)	Pertains to identification badges.				
core_hg	hired_guns_2007	Q9	Is a lobbyist required to identify by name each employer on the registration form?	Individual Registration	boolean	No – 0 points Yes – 1point	9. Is a lobbyist required to identify by name each employer on the registration form? No – 0 points Yes – 1point (papers/text/CPI_2007__hired_guns_methodology.txt:108)	Either single-form-multi-employer or per-employer-registration counts as full points.				
core_hg	hired_guns_2007	Q10	Is a lobbyist required to include on the registration form any additional information about the type of lobbying work he or she does (i.e., compensated or non-compensated/contract or salaried)?	Individual Registration	boolean	No – 0 points Yes – 1 point	10. Is a lobbyist required to include on the registration form any additional information about the type of lobbying work he or she does (i.e., compensated or non-compensated/contract or salaried)? (papers/text/CPI_2007__hired_guns_methodology.txt:120)	Full points if info appears on spending reports rather than registration; CPI relaxes the location.				
core_hg	hired_guns_2007	Q11	Is a lobbyist required to ﬁle a spending report?	Individual Spending Disclosure	boolean	No – 0 points Yes – 3 points	11. Is a lobbyist required to ﬁle a spending report? No – 0 points Yes – 3 points (papers/text/CPI_2007__hired_guns_methodology.txt:131)	Gateway item for the entire spending-disclosure category; CPI ties this to the statute's reporting section.				
core_hg	hired_guns_2007	Q12	How often during each two-year cycle is a lobbyist required to report spending?	Individual Spending Disclosure	ordinal	0 – 3 ﬁlings – 0 points; 4 – 6 ﬁlings – 1 point; 7 – 9 ﬁlings – 2 points; 10 – or more ﬁlings – 3 points	12. How often during each two-year cycle is a lobbyist required to report spending? (papers/text/CPI_2007__hired_guns_methodology.txt:136)	Two-year cycle accommodates biennial legislatures; CPI gives a worked example for a 4-month-session state.				
core_hg	hired_guns_2007	Q13	Is compensation/salary required to be reported by a lobbyist on spending reports?	Individual Spending Disclosure	boolean	No – 0 points Yes – 2 points	13. Is compensation/salary required to be reported by a lobbyist on spending reports? No – 0 points Yes – 2 points (papers/text/CPI_2007__hired_guns_methodology.txt:151)	Full points if information is on registration form instead.				
core_hg	hired_guns_2007	Q14	Are summaries (totals) of spending classiﬁed by category types (i.e., gifts, entertainment, postage, etc.)?	Individual Spending Disclosure	boolean	No – 0 points Yes – 2 points	14. Are summaries (totals) of spending classiﬁed by category types (i.e., gifts, entertainment, postage, etc.)? No – 0 points Yes – 2 points (papers/text/CPI_2007__hired_guns_methodology.txt:158)	Single aggregate total without category breakdown = 0 points.				
core_hg	hired_guns_2007	Q15	What spending must be itemized?	Individual Spending Disclosure	ordinal	No spending required to be itemized – 0 points; Itemization threshold: More than $100 – 1 point; Itemization threshold: More than $25 – 2 points; Itemization threshold: $25 and below – 3 points; All spending required to be itemized – 4 points	15. What spending must be itemized? (papers/text/CPI_2007__hired_guns_methodology.txt:165)	5-level ordinal threshold; 'itemized' = individual listing of single expenditures (CPI definition).				
core_hg	hired_guns_2007	Q16	Is the lobbyist employer/principal on whose behalf the itemized expenditure was made required to be identiﬁed?	Individual Spending Disclosure	boolean	No – 0 points Yes – 1 point	16. Is the lobbyist employer/principal on whose behalf the itemized expenditure was made required to be identiﬁed? No – 0 points Yes – 1 point (papers/text/CPI_2007__hired_guns_methodology.txt:180)	"Conditional on Q15: ""If spending is not required to be itemized, a state received no points."""				
core_hg	hired_guns_2007	Q17	Is the recipient of the itemized expenditure required to be identiﬁed?	Individual Spending Disclosure	boolean	No – 0 points Yes – 1 point	17. Is the recipient of the itemized expenditure required to be identiﬁed? No – 0 points Yes – 1 point (papers/text/CPI_2007__hired_guns_methodology.txt:189)	Conditional on Q15: zero if itemization not required. Recipient = legislator/staff/family.				
core_hg	hired_guns_2007	Q18	Is the date of the itemized expenditure required to be reported?	Individual Spending Disclosure	boolean	No – 0 points Yes – 1 point	18. Is the date of the itemized expenditure required to be reported? No – 0 points Yes – 1 point (papers/text/CPI_2007__hired_guns_methodology.txt:196)	Conditional on Q15: zero if itemization not required.				
core_hg	hired_guns_2007	Q19	Is a description of the itemized expenditure required to be reported?	Individual Spending Disclosure	boolean	No – 0 points Yes – 1 point	19. Is a description of the itemized expenditure required to be reported? No – 0 points Yes – 1 point (papers/text/CPI_2007__hired_guns_methodology.txt:202)	Conditional on Q15: zero if itemization not required. Description or category (e.g., food/postage) qualifies.				
core_hg	hired_guns_2007	Q20	Is subject matter or bill number to be addressed by a lobbyist required on spending reports?	Individual Spending Disclosure	categorical	No bill number/subject matter required – 0 points; Subject matter only required – 1 point; Bill number required – 3 points	20. Is subject matter or bill number to be addressed by a lobbyist required on spending reports? (papers/text/CPI_2007__hired_guns_methodology.txt:213)	Mirrors Q5 but on spending reports; same 3-level categorical.				
core_hg	hired_guns_2007	Q21	Is spending on household members of public ofﬁcials by a lobbyist required to be reported?	Individual Spending Disclosure	boolean	No – 0 points Yes – 1 point	21. Is spending on household members of public ofﬁcials by a lobbyist required to be reported? No – 0 points Yes – 1 point (papers/text/CPI_2007__hired_guns_methodology.txt:222)	Implicit scope: depends on state's definition of household member.				
core_hg	hired_guns_2007	Q22	Is a lobbyist required to disclose direct business associations with public ofﬁcials, candidates or members of their households?	Individual Spending Disclosure	boolean	No – 0 points Yes – 1 point	22. Is a lobbyist required to disclose direct business associations with public ofﬁcials, candidates or members of their households? No – 0 points Yes – 1 point (papers/text/CPI_2007__hired_guns_methodology.txt:227)	State-specific definitions of business association; implicit scope variation.				
core_hg	hired_guns_2007	Q23	What is the statutory provision for a lobbyist giving and reporting gifts?	Individual Spending Disclosure	ordinal	Gifts are not reported – 0 points; Gifts are reported – 1 point; Gifts are limited and reported – 2 points; Gifts are prohibited – 3 points	23. What is the statutory provision for a lobbyist giving and reporting gifts? (papers/text/CPI_2007__hired_guns_methodology.txt:234)	4-level ordinal; gift prohibition with significant exceptions does NOT qualify for full points (CPI judgment call).				
core_hg	hired_guns_2007	Q25	Is a lobbyist who has done no spending during a ﬁling period required to make a report of no activity?	Individual Spending Disclosure	boolean	No – 0 points Yes – 1 point	25. Is a lobbyist who has done no spending during a ﬁling period required to make a report of no activity? No – 0 points Yes – 1 point (papers/text/CPI_2007__hired_guns_methodology.txt:265)	'No activity' / null filing requirement.				
core_hg	hired_guns_2007	Q26	Is an employer or principal of a lobbyist required to ﬁle a spending report?	Employer Spending Disclosure	boolean	No – 0 point Yes – 3 points	26. Is an employer or principal of a lobbyist required to ﬁle a spending report? No – 0 point Yes – 3 points (papers/text/CPI_2007__hired_guns_methodology.txt:275)	Employer/principal/client of lobbyist.				
core_hg	hired_guns_2007	Q27	Is compensation/salary required to be reported on employer/principal spending reports?	Employer Spending Disclosure	boolean	No – 0 points Yes – 2 points	27. Is compensation/salary required to be reported on employer/principal spending reports? No – 0 points Yes – 2 points (papers/text/CPI_2007__hired_guns_methodology.txt:281)	Mirrors Q13 from the employer side.				
core_hg	hired_guns_2007	Q28	Does the oversight agency provide lobbyists/employers with online registration?	Electronic Filing	boolean	No – 0 points Yes – 1 point	28. Does the oversight agency provide lobbyists/employers with online registration? No – 0 points Yes – 1 point (papers/text/CPI_2007__hired_guns_methodology.txt:287)	CPI links this to ensuring electronic format and searchable database availability.				
core_hg	hired_guns_2007	Q29	Does the oversight agency provide lobbyists/employers with online spending reporting?	Electronic Filing	boolean	No – 0 points Yes – 1 point	29. Does the oversight agency provide lobbyists/employers with online spending reporting? No – 0 points Yes – 1 point (papers/text/CPI_2007__hired_guns_methodology.txt:295)	Same rationale as Q28 applied to spending reports.				
core_hg	hired_guns_2007	Q30	Does the oversight agency provide training about how to ﬁle registrations/spending reports electronically?	Electronic Filing	boolean	No – 0 points Yes – 1 point	30. Does the oversight agency provide training about how to ﬁle registrations/spending reports electronically? No – 0 points Yes – 1 point (papers/text/CPI_2007__hired_guns_methodology.txt:307)	'Informational packet or any other conveyance of instruction' counts.				
core_hg	hired_guns_2007	Q31	Location/format of registrations or active lobbyist directory	Public Access	ordinal	Photocopies from ofﬁce only – 1 point; PDF or image ﬁles on the Web – 2 points; Searchable database on the Web – 3 points; Downloadable ﬁles/database – 4 points	31. Location/format of registrations or active lobbyist directory: Photocopies from ofﬁce only – 1 point PDF or image ﬁles on the Web – 2 points Searchable database on the Web – 3 points Downloadable ﬁles/database – 4 points (papers/text/CPI_2007__hired_guns_methodology.txt:314)	Highest-applies rule (CPI: choose item with highest point value that applies). 4-level ordinal access ladder. CPI defines 'searchable database' explicitly.				
core_hg	hired_guns_2007	Q32	Location/format of spending reports	Public Access	ordinal	Photocopies from ofﬁce only – 1 point; PDF or image ﬁles on the Web – 2 points; Searchable database on the Web – 3 points; Downloadable ﬁles/database – 4 points	32. Location/format of spending reports: Photocopies from ofﬁce only – 1 point PDF or image ﬁles on the Web – 2 points Searchable database on the Web – 3 points Downloadable ﬁles/database – 4 points (papers/text/CPI_2007__hired_guns_methodology.txt:336)	'Highest-applies' rule. Mirrors Q31 for spending reports. CPI defines 'searchable database' interface (summary totals or full itemization listing).				
core_hg	hired_guns_2007	Q33	Cost of copies	Public Access	ordinal	25 cents or more per page – 0 points; Less than 25 cents per page – 1 point	33. Cost of copies: 25 cents or more per page – 0 points Less than 25 cents per page – 1 point (papers/text/CPI_2007__hired_guns_methodology.txt:354)	Tiered fee schedules: take rate appropriate for the first price quantity. Differential in/out-of-state pricing: use in-state price.				
core_hg	hired_guns_2007	Q34	Are sample registration forms/spending reports available the Web?	Public Access	boolean	No – 0 points Yes – 1 point	34. Are sample registration forms/spending reports available the Web? No – 0 points Yes – 1 point (papers/text/CPI_2007__hired_guns_methodology.txt:369)	Note typo in CPI source ('available the Web' missing 'on'). Captured verbatim.				
core_hg	hired_guns_2007	Q35	Does the state agency provide an overall lobbying spending total by year?	Public Access	boolean	No – 0 points Yes – 2 points	35. Does the state agency provide an overall lobbying spending total by year? No – 0 points Yes – 2 points (papers/text/CPI_2007__hired_guns_methodology.txt:374)	2002 reference year for the data; provision via Web OR upon request both qualify.				
core_hg	hired_guns_2007	Q36	Does the state agency provide an overall lobbying spending total by spending-report deadlines?	Public Access	boolean	No – 0 points Yes – 2 points	36. Does the state agency provide an overall lobbying spending total by spending-report deadlines? No – 0 points Yes – 2 points (papers/text/CPI_2007__hired_guns_methodology.txt:380)	2002 data; via Web or upon request.				
core_hg	hired_guns_2007	Q37	Does the state agency provide an overall lobbying spending total by industries lobbyists represent?	Public Access	boolean	No – 0 points Yes – 2 points	37. Does the state agency provide an overall lobbying spending total by industries lobbyists represent? No – 0 points Yes – 2 points (papers/text/CPI_2007__hired_guns_methodology.txt:386)	"CPI flags: ""Lobby spending is not commonly organized in this fashion."" Web or upon request."				
core_hg	hired_guns_2007	Q38	How often are lobby lists updated?	Public Access	ordinal	Semi-annually or less often – 1 point; Monthly – 2 points; Weekly – 3 points; Daily – 4 points	38. How often are lobby lists updated? Semi-annually or less often – 1 point Monthly – 2 points Weekly – 3 points Daily – 4 points (papers/text/CPI_2007__hired_guns_methodology.txt:398)	4-level ordinal frequency scale. No 0-point option visible.				
core_hg	hired_guns_2007	Q39	Does the state have statutory auditing authority?	Enforcement	boolean	No – 0 points Yes – 2 points	39. Does the state have statutory auditing authority? No – 0 points Yes – 2 points (papers/text/CPI_2007__hired_guns_methodology.txt:404)	Authority only — does NOT measure use. Authority can rest with any state agency. Includes ability to request outside documents.				
core_hg	hired_guns_2007	Q40	Does the state agency conduct mandatory reviews or audits?	Enforcement	boolean	No – 0 points Yes – 2 points	40. Does the state agency conduct mandatory reviews or audits? No – 0 points Yes – 2 points (papers/text/CPI_2007__hired_guns_methodology.txt:413)	Pairs with Q39 (action vs. authority). Random or universal reviews qualify; complaint-driven does not.				
core_hg	hired_guns_2007	Q41	Is there a statutory penalty for late ﬁling of lobby registration form?	Enforcement	boolean	No – 0 points Yes – 1 point	41. Is there a statutory penalty for late ﬁling of lobby registration form? No – 0 points Yes – 1 point (papers/text/CPI_2007__hired_guns_methodology.txt:426)	Typically per-day fines.				
core_hg	hired_guns_2007	Q42	Is there a statutory penalty for late ﬁling of a lobby spending report?	Enforcement	boolean	No – 0 points Yes – 1 point	42. Is there a statutory penalty for late ﬁling of a lobby spending report? No – 0 points Yes – 1 point (papers/text/CPI_2007__hired_guns_methodology.txt:433)	Typically per-day fines.				
core_hg	hired_guns_2007	Q43	When was a penalty for late ﬁling of a lobby spending report last levied?	Enforcement	ordinal	More than 5 years – 0 points; 4 to 5 years – 1 point; 2 to 3 years – 2 points; 0 to 1 year – 3 points	43. When was a penalty for late ﬁling of a lobby spending report last levied? More than 5 years – 0 points 4 to 5 years – 1 point 2 to 3 years – 2 points 0 to 1 year – 3 points (papers/text/CPI_2007__hired_guns_methodology.txt:440)	Data source: state agency representative interview. Operational definition relies on official self-report — fallback source flag.				
core_hg	hired_guns_2007	Q44	Is there a statutory penalty for incomplete ﬁling of a lobby registration form?	Enforcement	boolean	No – 0 points Yes – 1 point	44. Is there a statutory penalty for incomplete ﬁling of a lobby registration form? No – 0 points Yes – 1 point (papers/text/CPI_2007__hired_guns_methodology.txt:447)	Pairs Q41 (late) with Q44 (incomplete); 'incomplete' = missing pages/signatures/totals.				
core_hg	hired_guns_2007	Q45	Is there a statutory penalty for incomplete ﬁling of a lobby spending report?	Enforcement	boolean	No – 0 points Yes – 1 point	45. Is there a statutory penalty for incomplete ﬁling of a lobby spending report? No – 0 points Yes – 1 point (papers/text/CPI_2007__hired_guns_methodology.txt:460)	Pairs Q42 (late) with Q45 (incomplete) for spending reports.				
core_hg	hired_guns_2007	Q46	When was a penalty for incomplete ﬁling of a lobby spending report last levied?	Enforcement	ordinal	More than 5 years – 0 points; 4 – 5 years – 1 point; 2 – 3 years – 2 points; 0 – 1 year/agency does not accept incomplete ﬁlings – 3 points	46. When was a penalty for incomplete ﬁling of a lobby spending report last levied? (papers/text/CPI_2007__hired_guns_methodology.txt:469)	Data source: state agency representative interview. 'Agency does not accept incomplete filings' = 3 points (special bucket merged into top tier). Fallback source flag.				
core_hg	hired_guns_2007	Q47	Does the state publish a list of delinquent ﬁlers either on the Web or in a printed document?	Enforcement	boolean	No – 0 points Yes – 1 point	47. Does the state publish a list of delinquent ﬁlers either on the Web or in a printed document? No – 0 points Yes – 1 point (papers/text/CPI_2007__hired_guns_methodology.txt:478)	Web, newspaper, or other publication all qualify.				
core_hg	hired_guns_2007	Q48	"Is there a ""cooling off"" period required before legislators can register as lobbyists?"	Revolving Door Provision	boolean	No – 0 points Yes – 2 points	"48. Is there a cooling off"" period required before legislators can register as lobbyists? No – 0 points Yes – 2 points"" (papers/text/CPI_2007__hired_guns_methodology.txt:490)"	Boolean only; CPI does not score the LENGTH of the cooling-off period. Scope: same-state legislators-to-lobbyists only.				
core_focal	focal_2024	scope.1	The following types of lobbyists are included in the register: professional lobbyists/consultants, in-house company lobbyists, in-house organisation lobbyists, professional consultancies, law firms, think tanks, research institutions, public entities, government agencies/employees	Scope: The scope of what is included and excluded from the register	checklist	"Not specified (FOCAL is conceptual/unweighted; framework says ""we have not added weights to our indicators"")"	The following types of lobbyists are included in the register: professional lobbyists/consultants, in-house company lobbyists, in-house organisation lobbyists, professional consultancies, law firms (papers/text/Lacy_Nichols_2024__focal_scoping_review.txt:951)	Single Table 3 row but enumerates 9 lobbyist types; FOCAL treats it as one indicator (Table 3 row count totals 50). Could be atomized into 9 sub-items.				
core_focal	focal_2024	scope.2	There is no (or low) financial or time threshold to qualify/exempt lobbyists from registration	Scope: The scope of what is included and excluded from the register	threshold	"Not specified; paper itself flags this as subjective: ""what is a 'low' financial or time threshold to qualify/exempt lobbyists from registration? This is a question we will consider in the next stage"""	There is no (or low) financial or time threshold to qualify/exempt lobbyists from registration (papers/text/Lacy_Nichols_2024__focal_scoping_review.txt:954)	"Paper acknowledges subjectivity; ""low"" is undefined in this conceptual iteration."				
core_focal	focal_2024	scope.3	The following are included as targets of lobbying: legislative branches, executive branch officials, Ministers, Deputy Ministers, members of parliament, Director-Generals and senior officials, staff, administrative branch/bureaucracy	Scope: The scope of what is included and excluded from the register	checklist	Not specified	The following are included as targets of lobbying: legislative branches, executive branch officials, Ministers, Deputy Ministers, members of parliament, Director-Generals and senior officials, staff, administrative branch/bureaucracy (papers/text/Lacy_Nichols_2024__focal_scoping_review.txt:955)	"Single row enumerates 8 target types; treated as one indicator. Paper notes ""some of these may be context dependent, for instance the target of lobbying may vary depending on the form of government (eg, a Westminster vs Presidential system)""."				
core_focal	focal_2024	scope.4	A wide breadth of activities are included, eg, oral, written, electronic, virtual communications; organising meetings for others; events; phone calls and emails	Scope: The scope of what is included and excluded from the register	checklist	Not specified	A wide breadth of activities are included, eg, oral, written, electronic, virtual communications; organising meetings for others; events; phone calls and emails (papers/text/Lacy_Nichols_2024__focal_scoping_review.txt:957)	eg indicates examples not exhaustive list.				
core_focal	focal_2024	timeliness.1	Changes (eg, registering/deregistering lobbyists, new clients) are updated close to real time (eg, daily)	Timeliness: The frequency of lobbying disclosures	frequency	"Not specified beyond example ""close to real time (eg, daily)""; paper cites International Standards: ""minimum quarterly, ideally close to real-time"""	Changes (eg, registering/deregistering lobbyists, new clients) are updated close to real time (eg, daily) (papers/text/Lacy_Nichols_2024__focal_scoping_review.txt:961)	Paper situates timeliness as assessable via legislation, not just register.				
core_focal	focal_2024	timeliness.2	Lobbying activities are disclosed close to real time (eg, daily)	Timeliness: The frequency of lobbying disclosures	frequency	"Not specified beyond ""close to real time (eg, daily)"""	Lobbying activities are disclosed close to real time (eg, daily) (papers/text/Lacy_Nichols_2024__focal_scoping_review.txt:962)					
core_focal	focal_2024	timeliness.3	Ministerial diaries are disclosed monthly (or more frequently)	Timeliness: The frequency of lobbying disclosures	frequency	monthly (or more frequently)	Ministerial diaries are disclosed monthly (or more frequently) (papers/text/Lacy_Nichols_2024__focal_scoping_review.txt:963)					
core_focal	focal_2024	openness.1	Lobbyist register is online	Openness: How easy it is to find and use information in the register	boolean	Not specified	Lobbyist register is online (papers/text/Lacy_Nichols_2024__focal_scoping_review.txt:967)					
core_focal	focal_2024	openness.2	Diaries available online (eg, lobbyists, ministers, ministerial staff)	Openness: How easy it is to find and use information in the register	boolean	Not specified	Diaries available online (eg, lobbyists, ministers, ministerial staff) (papers/text/Lacy_Nichols_2024__focal_scoping_review.txt:968)					
core_focal	focal_2024	openness.3	Available without registration, free to access, open license (eg, no limits to reuse), non-proprietary format (eg, CSV, not Excel), machine readable	Openness: How easy it is to find and use information in the register	checklist	Not specified	Available without registration, free to access, open license (eg, no limits to reuse), non-proprietary format (eg, CSV, not Excel), machine readable (papers/text/Lacy_Nichols_2024__focal_scoping_review.txt:969)	Single row bundles 5 sub-criteria (no registration / free / open license / non-proprietary / machine readable).				
core_focal	focal_2024	openness.4	Downloadable (eg, as files, database)	Openness: How easy it is to find and use information in the register	boolean	Not specified	Downloadable (eg, as files, database) (papers/text/Lacy_Nichols_2024__focal_scoping_review.txt:971)					
core_focal	focal_2024	openness.5	Searchable, simultaneous sorting with multiple criteria	Openness: How easy it is to find and use information in the register	boolean	Not specified	Searchable, simultaneous sorting with multiple criteria (papers/text/Lacy_Nichols_2024__focal_scoping_review.txt:972)					
core_focal	focal_2024	openness.6	Unique identifiers (eg, for lobbyists, individuals, organisations)	Openness: How easy it is to find and use information in the register	boolean	Not specified	Unique identifiers (eg, for lobbyists, individuals, organisations) (papers/text/Lacy_Nichols_2024__focal_scoping_review.txt:973)					
core_focal	focal_2024	openness.7	Linked or interconnected data (to other datasets, eg, campaign financing)	Openness: How easy it is to find and use information in the register	boolean	Not specified	Linked or interconnected data (to other datasets, eg, campaign financing) (papers/text/Lacy_Nichols_2024__focal_scoping_review.txt:974)					
core_focal	focal_2024	openness.8	Historical data in lobbyist register is archived and published; downloadable	Openness: How easy it is to find and use information in the register	boolean	Not specified	Historical data in lobbyist register is archived and published; downloadable (papers/text/Lacy_Nichols_2024__focal_scoping_review.txt:975)					
core_focal	focal_2024	openness.9	Changes or updates documented with a flagging system	Openness: How easy it is to find and use information in the register	boolean	Not specified	Changes or updates documented with a flagging system (papers/text/Lacy_Nichols_2024__focal_scoping_review.txt:976)					
core_focal	focal_2024	descriptors.1	Full names of lobbyists/organisations, (not abbreviations or ambiguous names)	Descriptors: Descriptions and identifying elements of the individuals and organisations involved in lobbying	field	Not specified	Full names of lobbyists/organisations, (not abbreviations or ambiguous names) (papers/text/Lacy_Nichols_2024__focal_scoping_review.txt:981)					
core_focal	focal_2024	descriptors.2	Contact details provided (eg, Address, telephone and/or website)	Descriptors: Descriptions and identifying elements of the individuals and organisations involved in lobbying	field	Not specified	Contact details provided (eg, Address, telephone and/or website) (papers/text/Lacy_Nichols_2024__focal_scoping_review.txt:982)					
core_focal	focal_2024	descriptors.3	Legal form (eg, public, private, not-for-profit, NGO, government)	Descriptors: Descriptions and identifying elements of the individuals and organisations involved in lobbying	field	Not specified	Legal form (eg, public, private, not-for-profit, NGO, government) (papers/text/Lacy_Nichols_2024__focal_scoping_review.txt:983)					
core_focal	focal_2024	descriptors.4	Company registration number	Descriptors: Descriptions and identifying elements of the individuals and organisations involved in lobbying	field	Not specified	Company registration number (papers/text/Lacy_Nichols_2024__focal_scoping_review.txt:984)					
core_focal	focal_2024	descriptors.5	Sector (eg, transport, energy), sub sector	Descriptors: Descriptions and identifying elements of the individuals and organisations involved in lobbying	field	Not specified	Sector (eg, transport, energy), sub sector (papers/text/Lacy_Nichols_2024__focal_scoping_review.txt:985)					
core_focal	focal_2024	descriptors.6	Type of lobbyist contract (eg, salaried staff, contracted)	Descriptors: Descriptions and identifying elements of the individuals and organisations involved in lobbying	field	Not specified	Type of lobbyist contract (eg, salaried staff, contracted) (papers/text/Lacy_Nichols_2024__focal_scoping_review.txt:986)					
core_focal	focal_2024	revolving_door.1	List of all prior public offices that lobbyists have held, dates when left office	Revolving door: The movement between public and private sector employment	field	Not specified	List of all prior public offices that lobbyists have held, dates when left office (papers/text/Lacy_Nichols_2024__focal_scoping_review.txt:990)					
core_focal	focal_2024	revolving_door.2	Database of public officials who are subject to a ban on lobbying (eg, cooling off period)	Revolving door: The movement between public and private sector employment	boolean	Not specified	Database of public officials who are subject to a ban on lobbying (eg, cooling off period) (papers/text/Lacy_Nichols_2024__focal_scoping_review.txt:991)					
core_focal	focal_2024	relationships.1	Client list (for all consultant lobbyists and firms)	Relationships: The connections between the different actors involved in or benefiting from lobbying	field	Not specified	Client list (for all consultant lobbyists and firms) (papers/text/Lacy_Nichols_2024__focal_scoping_review.txt:996)					
core_focal	focal_2024	relationships.2	Names of all sponsors or members (for associations and representative groups)	Relationships: The connections between the different actors involved in or benefiting from lobbying	field	Not specified	Names of all sponsors or members (for associations and representative groups) (papers/text/Lacy_Nichols_2024__focal_scoping_review.txt:997)					
core_focal	focal_2024	relationships.3	List of board seats held (eg, in associations, companies)	Relationships: The connections between the different actors involved in or benefiting from lobbying	field	Not specified	List of board seats held (eg, in associations, companies) (papers/text/Lacy_Nichols_2024__focal_scoping_review.txt:998)					
core_focal	focal_2024	relationships.4	Direct business associations with public officials, candidates or members of their households	Relationships: The connections between the different actors involved in or benefiting from lobbying	field	Not specified	Direct business associations with public officials, candidates or members of their households (papers/text/Lacy_Nichols_2024__focal_scoping_review.txt:999)					
core_focal	focal_2024	financials.1	Total lobbying income (for consultant lobbyists/lobby firms)	Financials: The flow of money spent and earned through lobbying activities	amount	"Not specified; sub-header in Table 3 reads ""For consultant lobbyists & lobby firms"""	For consultant lobbyists & lobby firms / Total lobbying income (for consultant lobbyists/lobby firms) (papers/text/Lacy_Nichols_2024__focal_scoping_review.txt:1003)	"Sub-header ""For consultant lobbyists & lobby firms"" appears in Table 3 above the financials block; appears to scope the first 3 income-side indicators (financials.1-3). Paper notes Financials is ""especially US-centric, with many indicators originating from the Hired Guns framework""."				
core_focal	focal_2024	financials.2	Lobbying income per client	Financials: The flow of money spent and earned through lobbying activities	amount	Not specified	Lobbying income per client (papers/text/Lacy_Nichols_2024__focal_scoping_review.txt:1006)	"Within ""For consultant lobbyists & lobby firms"" sub-header."				
core_focal	focal_2024	financials.3	Income sources (eg, including government agencies, grant-making foundations, companies) and amount received	Financials: The flow of money spent and earned through lobbying activities	field	Not specified	Income sources (eg, including government agencies, grant-making foundations, companies) and amount received (papers/text/Lacy_Nichols_2024__focal_scoping_review.txt:1007)	"Within ""For consultant lobbyists & lobby firms"" sub-header."				
core_focal	focal_2024	financials.4	Number of lobbyists employed/contracted (total and full-time equivalent)	Financials: The flow of money spent and earned through lobbying activities	count	Not specified	Number of lobbyists employed/contracted (total and full-time equivalent) (papers/text/Lacy_Nichols_2024__focal_scoping_review.txt:1008)					
core_focal	focal_2024	financials.5	Amount of time spent on lobbying	Financials: The flow of money spent and earned through lobbying activities	amount	Not specified	Amount of time spent on lobbying (papers/text/Lacy_Nichols_2024__focal_scoping_review.txt:1009)					
core_focal	focal_2024	financials.6	Total lobbying expenditure (both in-house and consulting)	Financials: The flow of money spent and earned through lobbying activities	amount	Not specified	Total lobbying expenditure (both in-house and consulting) (papers/text/Lacy_Nichols_2024__focal_scoping_review.txt:1010)					
core_focal	focal_2024	financials.7	Compensated/uncompensated lobbying activities	Financials: The flow of money spent and earned through lobbying activities	field	Not specified	Compensated/uncompensated lobbying activities (papers/text/Lacy_Nichols_2024__focal_scoping_review.txt:1011)					
core_focal	focal_2024	financials.8	Expenditure per issue	Financials: The flow of money spent and earned through lobbying activities	amount	Not specified	Expenditure per issue (papers/text/Lacy_Nichols_2024__focal_scoping_review.txt:1012)					
core_focal	focal_2024	financials.9	Expenditure on membership/sponsorship of organisations that lobby (eg, trade associations)	Financials: The flow of money spent and earned through lobbying activities	amount	Not specified	Expenditure on membership/sponsorship of organisations that lobby (eg, trade associations) (papers/text/Lacy_Nichols_2024__focal_scoping_review.txt:1013)					
core_focal	focal_2024	financials.10	Expenditures benefitting public officials or employees including financial/non-financial gifts and support, employer/principal on whose behalf expenses were made	Financials: The flow of money spent and earned through lobbying activities	amount	Not specified	Expenditures beneﬁtting public ofﬁcials or employees including financial/non-financial gifts and support, employer/principal on whose behalf expenses were made (papers/text/Lacy_Nichols_2024__focal_scoping_review.txt:1014)					
core_focal	focal_2024	financials.11	Campaign/political contributions, including in-kind	Financials: The flow of money spent and earned through lobbying activities	amount	Not specified	Campaign/political contributions, including in-kind (papers/text/Lacy_Nichols_2024__focal_scoping_review.txt:1016)					
core_focal	focal_2024	contact_log.1	Organisation/interest(s) represented (beneficiary)	Contact log: The activities of lobbyists	field	Not specified	Organisation/interest(s) represented (beneficiary) (papers/text/Lacy_Nichols_2024__focal_scoping_review.txt:1019)	Paper says contact log is one of the two highest-priority categories for resource-constrained governments (alongside scope).				
core_focal	focal_2024	contact_log.2	Names of persons contacted and their position/role	Contact log: The activities of lobbyists	field	Not specified	Names of persons contacted and their position/role (papers/text/Lacy_Nichols_2024__focal_scoping_review.txt:1020)					
core_focal	focal_2024	contact_log.3	Institution/department contacted	Contact log: The activities of lobbyists	field	Not specified	Institution/department contacted (papers/text/Lacy_Nichols_2024__focal_scoping_review.txt:1021)					
core_focal	focal_2024	contact_log.4	If a meeting, names of all attendees	Contact log: The activities of lobbyists	field	Not specified	If a meeting, names of all attendees (papers/text/Lacy_Nichols_2024__focal_scoping_review.txt:1022)					
core_focal	focal_2024	contact_log.5	Date	Contact log: The activities of lobbyists	field	Not specified	Date (papers/text/Lacy_Nichols_2024__focal_scoping_review.txt:1023)					
core_focal	focal_2024	contact_log.6	Form (eg, in person meeting, video conference, phone call)	Contact log: The activities of lobbyists	field	Not specified	Form (eg, in person meeting, video conference, phone call) (papers/text/Lacy_Nichols_2024__focal_scoping_review.txt:1024)					
core_focal	focal_2024	contact_log.7	Location	Contact log: The activities of lobbyists	field	Not specified	Location (papers/text/Lacy_Nichols_2024__focal_scoping_review.txt:1025)					
core_focal	focal_2024	contact_log.8	Any materials that were shared, excluding commercially sensitive materials (before, during and after the meeting)	Contact log: The activities of lobbyists	field	Not specified	Any materials that were shared, excluding commercially sensitive materials (before, during and after the meeting) (papers/text/Lacy_Nichols_2024__focal_scoping_review.txt:1026)					
core_focal	focal_2024	contact_log.9	Topics/issues discussed	Contact log: The activities of lobbyists	field	Not specified	Topics/issues discussed (papers/text/Lacy_Nichols_2024__focal_scoping_review.txt:1027)					
core_focal	focal_2024	contact_log.10	Outcomes sought (eg, legislation/policies supported/opposed)	Contact log: The activities of lobbyists	field	Not specified	Outcomes sought (eg, legislation/policies supported/opposed) (papers/text/Lacy_Nichols_2024__focal_scoping_review.txt:1028)					
core_focal	focal_2024	contact_log.11	Targeted areas of public policy or legislation, including a list of official legislative references/bill numbers/measures etc	Contact log: The activities of lobbyists	field	Not specified	Targeted areas of public policy or legislation, including a list of official legislative references/bill numbers/measures (papers/text/Lacy_Nichols_2024__focal_scoping_review.txt:1029)					
core_newmark2017	newmark_2017	def.legislative_lobbying	Legislative lobbying necessitates registering as a lobbyist	Definitions of lobbyists and registration requirements	boolean	Each of these is coded 1 if the state includes the provision in its definition of a lobbyist and 0 otherwise.	Definitions include whether the following necessitate registering as a lobbyist: legislative lobbying, administrative agency lobbying [papers/text/Newmark_2017__lobbying_regulation_revisited.txt:515-516]	"BoS-derived (Newmark 2017 reproduces BoS categories via statute review). Newmark notes ""All 50 states require registration for lobbying the legislature"" (line 518), so this item has no variation in 2015 — and it is excluded from the factor analysis for that reason (Table 3 footnote: ""Legislative lobbying ... excluded because there is no variation"")."				
core_newmark2017	newmark_2017	def.administrative_agency_lobbying	Administrative agency lobbying necessitates registering as a lobbyist	Definitions of lobbyists and registration requirements	boolean	Each of these is coded 1 if the state includes the provision in its definition of a lobbyist and 0 otherwise.	administrative agency lobbying, elective officials as lobbyists, public employees as lobbyists [papers/text/Newmark_2017__lobbying_regulation_revisited.txt:516-517]	"BoS-derived. Newmark notes ""most states require it for lobbying administrative agencies"" (line 519). Loads on factor 1 (0.622) and factor 4 (-0.543) in factor analysis."				
core_newmark2017	newmark_2017	def.elective_officials_as_lobbyists	Elective officials are defined as lobbyists if engaged in lobbying-related behaviors	Definitions of lobbyists and registration requirements	boolean	Each of these is coded 1 if the state includes the provision in its definition of a lobbyist and 0 otherwise.	Some states require elected officials and public appointees to register if they engage in certain lobbying-related behaviors. [papers/text/Newmark_2017__lobbying_regulation_revisited.txt:519-521]	"BoS-derived. Note paper uses both ""elective officials"" (in enumeration) and ""elected officials"" (in commentary) — same item. Loads 0.790 on factor 4."				
core_newmark2017	newmark_2017	def.public_employees_as_lobbyists	Public employees are defined as lobbyists if engaged in lobbying-related behaviors	Definitions of lobbyists and registration requirements	boolean	Each of these is coded 1 if the state includes the provision in its definition of a lobbyist and 0 otherwise.	public employees as lobbyists, and whether there are compensation, expenditure, and time standards [papers/text/Newmark_2017__lobbying_regulation_revisited.txt:517-518]	BoS-derived. Loads 0.305 on factor 1 and 0.630 on factor 4.				
core_newmark2017	newmark_2017	def.compensation_standard	Compensation standard for lobbyist status (state defines persons as lobbyists if they receive a certain amount of money in exchange for lobbying)	Definitions of lobbyists and registration requirements	boolean	Each of these is coded 1 if the state includes the provision in its definition of a lobbyist and 0 otherwise.	persons are defined as lobbyists if they receive a certain amount of money in exchange for lobbying (compensation standards) [papers/text/Newmark_2017__lobbying_regulation_revisited.txt:521-523]	"BoS-derived. Threshold dollar value not specified by Newmark — only the presence/absence of any compensation threshold in the definition is scored. Atomization: Newmark groups ""compensation, expenditure, and time standards"" in one enumeration but treats each as a separate component (Table 2 column shows up to 7 def points, which only reaches 7 if all three standards are separate items). Loads 0.781 on factor 1."				
core_newmark2017	newmark_2017	def.expenditure_standard	Expenditure standard for lobbyist status (state defines persons as lobbyists if they spend a certain amount of money in lobbying)	Definitions of lobbyists and registration requirements	boolean	Each of these is coded 1 if the state includes the provision in its definition of a lobbyist and 0 otherwise.	if they spend a certain amount of money in lobbying (expenditure standards) [papers/text/Newmark_2017__lobbying_regulation_revisited.txt:523-524]	BoS-derived. Threshold dollar value not specified. Loads 0.563 on factor 1.				
core_newmark2017	newmark_2017	def.time_standard	Time standard for lobbyist status (state defines persons as lobbyists if they devote a certain amount of time in lobbying)	Definitions of lobbyists and registration requirements	boolean	Each of these is coded 1 if the state includes the provision in its definition of a lobbyist and 0 otherwise.	if they devote a certain amount of time in their lobbying efforts (time standards). Each of these is coded 1 if the state includes the provision in its definition of a lobbyist and 0 otherwise. [papers/text/Newmark_2017__lobbying_regulation_revisited.txt:524-526]	BoS-derived. Threshold time value not specified. Loads 0.493 on factor 1 and 0.444 on factor 4.				
core_newmark2017	newmark_2017	prohib.contributions_anytime	Lobbyists prohibited from making campaign contributions at any time	Prohibited activities	boolean	each is coded 1/0 depending on if the state prohibits a given activity.	if lobbyists are prohibited from making campaign contributions at any time [papers/text/Newmark_2017__lobbying_regulation_revisited.txt:529-530]	BoS-derived. Loads 0.558 on factor 2.				
core_newmark2017	newmark_2017	prohib.contributions_during_session	Lobbyists prohibited from making campaign contributions during legislative sessions	Prohibited activities	boolean	each is coded 1/0 depending on if the state prohibits a given activity.	if they are prohibited from making campaign contributions during the legislative sessions [papers/text/Newmark_2017__lobbying_regulation_revisited.txt:530-531]	BoS-derived. Loads 0.329 on factor 2.				
core_newmark2017	newmark_2017	prohib.solicitation_by_officials	Solicitation by officials or employees for contributions or gifts is prohibited	Prohibited activities	boolean	each is coded 1/0 depending on if the state prohibits a given activity.	solicitations by officials or employees for contributions or gifts [papers/text/Newmark_2017__lobbying_regulation_revisited.txt:531-532]	BoS-derived. Note: this item restricts the *officials*' demand-side behavior, not the lobbyist's supply-side. Loads 0.652 on factor 3 and -0.346 on factor 1.				
core_newmark2017	newmark_2017	prohib.contingent_compensation	Contingent compensation is prohibited (lobbyists receiving pay only on achieving a lobbying-related objective)	Prohibited activities	boolean	each is coded 1/0 depending on if the state prohibits a given activity.	Contingent compensation refers to restrictions on lobbyists receiving pay only if they achieve some lobbying-related objective. [papers/text/Newmark_2017__lobbying_regulation_revisited.txt:533-535]	BoS-derived. Loads 0.522 on factor 2.				
core_newmark2017	newmark_2017	prohib.revolving_door	Revolving door restrictions (lawmakers prohibited from becoming lobbyists without a waiting period)	Prohibited activities	boolean	each is coded 1/0 depending on if the state prohibits a given activity.	Revolving door laws prohibit lawmakers from becoming lobbyists without a waiting period before they can lobby. [papers/text/Newmark_2017__lobbying_regulation_revisited.txt:535-536]	BoS-derived. Length of waiting period not coded — only presence/absence of any cooling-off requirement. Newmark notes elsewhere FL/IA require 2 years; TX/NE/VT require none (lines 134-136). Loads 0.534 on factor 2 and 0.345 on factor 4.				
core_newmark2017	newmark_2017	disclosure.influence_legislation_or_admin	Disclosure required: seeking to influence legislation or administrative action	Registration and reporting/disclosure requirements	boolean	if the state requires that a lobbyist discloses that they sought to influence legislation or if they spent money in a way that benefited a public official, they were coded 1 for each category (0 if not).	seeking to influence legislation or administrative action [papers/text/Newmark_2017__lobbying_regulation_revisited.txt:540-541]	BoS-derived. Loads 0.766 on factor 1.				
core_newmark2017	newmark_2017	disclosure.expenditures_benefiting_officials	Disclosure required: expenditures benefiting public officials or employees	Registration and reporting/disclosure requirements	boolean	if the state requires that a lobbyist discloses that they sought to influence legislation or if they spent money in a way that benefited a public official, they were coded 1 for each category (0 if not).	expenditures benefitting public officials or employees [papers/text/Newmark_2017__lobbying_regulation_revisited.txt:541-542]	"BoS-derived. Excluded from factor analysis (""no variation in this category"" per Table 3 footnote, line 1162-1163). Spelling in source: ""benefitting"" (with double t)."				
core_newmark2017	newmark_2017	disclosure.compensation_by_employer	Disclosure required: compensation received broken down by employer	Registration and reporting/disclosure requirements	boolean	Coded 1 if state requires this disclosure category, 0 if not.	compensation received (broken down by employer) [papers/text/Newmark_2017__lobbying_regulation_revisited.txt:542-543]	BoS-derived. Loads 0.744 on factor 2 and 0.331 on factor 1.				
core_newmark2017	newmark_2017	disclosure.total_compensation	Disclosure required: total compensation received	Registration and reporting/disclosure requirements	boolean	Coded 1 if state requires this disclosure category, 0 if not.	total compensations received [papers/text/Newmark_2017__lobbying_regulation_revisited.txt:543]	"BoS-derived. Source uses plural ""compensations"" — same construct as singular ""total compensation"" used in Table 3. Loads 0.834 on factor 2."				
core_newmark2017	newmark_2017	disclosure.categories_of_expenditures	Disclosure required: categories of expenditures	Registration and reporting/disclosure requirements	boolean	Coded 1 if state requires this disclosure category, 0 if not.	categories of expenditures [papers/text/Newmark_2017__lobbying_regulation_revisited.txt:543]	BoS-derived. Loads 0.702 on factor 3.				
core_newmark2017	newmark_2017	disclosure.total_expenditures	Disclosure required: total expenditures toward lobbying	Registration and reporting/disclosure requirements	boolean	Coded 1 if state requires this disclosure category, 0 if not.	total expenditures toward lobbying [papers/text/Newmark_2017__lobbying_regulation_revisited.txt:543-544]	BoS-derived. Loads 0.778 on factor 3.				
core_newmark2017	newmark_2017	disclosure.contributions_from_others	Disclosure required: contributions received from others for lobbying purposes	Registration and reporting/disclosure requirements	boolean	Coded 1 if state requires this disclosure category, 0 if not.	contributions received from others for lobbying purposes [papers/text/Newmark_2017__lobbying_regulation_revisited.txt:547]	BoS-derived. Loads 0.418 on factor 1 and 0.413 on factor 2.				
ext_opheim_enforce	opheim_1991	enforce.subpoena_witnesses	whether the agency may subpoena witnesses	Oversight and enforcement of regulations	boolean	states were coded 1 if the agency possessed this authority and 0 if it did not	whether the agency may subpoena witnesses [papers/text/Opheim_1991__state_lobby_regulation.txt:146-147]	BoS-defined (CSG Blue Book 1988-89). Refers to the agency or commission charged with regulating lobbyists.	COGEL Blue Book Table 31 — agency subpoena power over witnesses	HiredGuns	Q40	0.498
ext_opheim_enforce	opheim_1991	enforce.subpoena_records	subpoena records	Oversight and enforcement of regulations	boolean	states were coded 1 if the agency possessed this authority and 0 if it did not	subpoena records [papers/text/Opheim_1991__state_lobby_regulation.txt:147]	BoS-defined (CSG Blue Book 1988-89).	COGEL Blue Book Table 31 — agency subpoena power over records	HiredGuns	Q39	0.491
ext_opheim_enforce	opheim_1991	enforce.conduct_administrative_hearings	conduct administrative hearings	Oversight and enforcement of regulations	boolean	states were coded 1 if the agency possessed this authority and 0 if it did not	conduct administrative hearings [papers/text/Opheim_1991__state_lobby_regulation.txt:147-148]	BoS-defined (CSG Blue Book 1988-89).	COGEL Blue Book Table 31 — agency authority to conduct hearings	HiredGuns	Q39	0.518
ext_opheim_enforce	opheim_1991	enforce.impose_administrative_fines	impose administrative fines	Oversight and enforcement of regulations	boolean	states were coded 1 if the agency possessed this authority and 0 if it did not	impose administrative fines, impose administrative penalties [papers/text/Opheim_1991__state_lobby_regulation.txt:148]	"BoS-defined (CSG Blue Book 1988-89). Atomization quirk: Opheim lists ""impose administrative fines"" and ""impose administrative penalties"" as distinct items in the same sentence; kept as separate per Opheim's enumeration even though they are conceptually overlapping. The distinction is unexplained in the paper."	COGEL Blue Book Table 31 — agency authority to impose fines	HiredGuns	Q39	0.474
ext_opheim_enforce	opheim_1991	enforce.impose_administrative_penalties	impose administrative penalties	Oversight and enforcement of regulations	boolean	states were coded 1 if the agency possessed this authority and 0 if it did not	impose administrative fines, impose administrative penalties [papers/text/Opheim_1991__state_lobby_regulation.txt:148]	BoS-defined (CSG Blue Book 1988-89). See enforce.impose_administrative_fines note - distinction between fines and penalties is unexplained.	COGEL Blue Book Table 31 — agency authority to impose penalties	HiredGuns	Q39	0.496
ext_opheim_enforce	opheim_1991	enforce.file_independent_court_actions	file independent court actions	Oversight and enforcement of regulations	boolean	states were coded 1 if the agency possessed this authority and 0 if it did not	or file independent court actions. [papers/text/Opheim_1991__state_lobby_regulation.txt:148-149]	BoS-defined (CSG Blue Book 1988-89).	COGEL Blue Book Table 31 — agency authority to file independent court actions	HiredGuns	Q39	0.503
ext_opheim_income	opheim_1991	disclosure.sources_of_income	sources of income	Frequency and quality of disclosure	boolean	These seven categories were each coded dichotomously depending on whether the state required they be reported.	sources of income [papers/text/Opheim_1991__state_lobby_regulation.txt:131]	BoS-defined (CSG Blue Book 1988-89).	income disclosure — sources (distinct from compensation in core 3)	Newmark2017	disclosure.compensation_by_employer	0.505
ext_opheim_income	opheim_1991	disclosure.total_income	total income	Frequency and quality of disclosure	boolean	These seven categories were each coded dichotomously depending on whether the state required they be reported.	total income [papers/text/Opheim_1991__state_lobby_regulation.txt:131-132]	BoS-defined (CSG Blue Book 1988-89).	income disclosure — totals (distinct from compensation in core 3)	Newmark2017	disclosure.total_compensation	0.503
ext_opheim_oversight	opheim_1991	enforce.thoroughness_of_reviews	thoroughness of reviews of lobby reports by oversight agency	Oversight and enforcement of regulations	categorical	the thoroughness of reviews was coded (1 for review of all reports, 0 for less extensive review)	Thus the thoroughness of reviews was coded (1 for review of all reports, 0 for less extensive review). [papers/text/Opheim_1991__state_lobby_regulation.txt:140-142]	One of two items where finer distinctions were lost in 0/1 coding (per Opheim, line 152-154); intermediate possibilities (e.g., random/complaint-based review) collapsed to 0. BoS-defined (CSG Blue Book 1988-89).	oversight intensity — quality of report review (distinct from binary existence of audit in HiredGuns)	HiredGuns	Q40	0.585
ext_opheim_catchall	opheim_1991	disclosure.other_influence_peddling_or_conflict_of_interest	other activities that might constitute influence peddling or conflict of interest	Frequency and quality of disclosure	boolean	These seven categories were each coded dichotomously depending on whether the state required they be reported.	other activities that might constitute influence peddling or conflict of interest [papers/text/Opheim_1991__state_lobby_regulation.txt:132-133]	BoS-defined (CSG Blue Book 1988-89). Catch-all category - operational definition fully implicit; Opheim does not enumerate what activities qualify.	compendium escape-hatch for influence-peddling activities not otherwise enumerated	FOCAL	timeliness.2	0.552
ext_pri_2010_accessibility	pri_2010	accessibility.Q1	At least some lobbying data available (in any format) either by request (email, telephone, fax, etc.) or anonymously (web-based).	Data availability	binary			Source: docs/historical/pri-2026-rescore/results/pri_2010_accessibility_rubric.csv. PRI 2010 §IV Q1.	PRI 2010 included as coverage extension per user clearance 2026-05-06 — non-default, NOT a row-frame contributor			
ext_pri_2010_accessibility	pri_2010	accessibility.Q2	The state has a dedicated website for lobbying information.	Website existence	binary			Source: docs/historical/pri-2026-rescore/results/pri_2010_accessibility_rubric.csv. PRI 2010 §IV Q2. Likely obsolete for 2026 — flag for Phase 3.	PRI 2010 included as coverage extension per user clearance 2026-05-06 — non-default, NOT a row-frame contributor			
ext_pri_2010_accessibility	pri_2010	accessibility.Q3	How easily a state's lobbying website can be found.	Website identification	binary			"Source: docs/historical/pri-2026-rescore/results/pri_2010_accessibility_rubric.csv. PRI 2010 §IV Q3 (footnote 92 in source). PRI does not define ""easily"" — flag for Phase 3."	PRI 2010 included as coverage extension per user clearance 2026-05-06 — non-default, NOT a row-frame contributor			
ext_pri_2010_accessibility	pri_2010	accessibility.Q4	At least some current lobbying data/information available on the website for the most recent year.	Current data availability	binary			Source: docs/historical/pri-2026-rescore/results/pri_2010_accessibility_rubric.csv. PRI 2010 §IV Q4.	PRI 2010 included as coverage extension per user clearance 2026-05-06 — non-default, NOT a row-frame contributor			
ext_pri_2010_accessibility	pri_2010	accessibility.Q5	Historical lobbying information is available, downloadable, or at least viewable on the state's website.	Historical data availability	binary			"Source: docs/historical/pri-2026-rescore/results/pri_2010_accessibility_rubric.csv. PRI 2010 §IV Q5. ""Historical"" horizon not specified — flag for Phase 3."	PRI 2010 included as coverage extension per user clearance 2026-05-06 — non-default, NOT a row-frame contributor			
ext_pri_2010_accessibility	pri_2010	accessibility.Q6	How easily users can download lobbying data and information and analyze it, and specifically, whether users are able to download information in an electronic format that is immediately useable for analysis, such as Excel or SPSS.	Data format	binary			Source: docs/historical/pri-2026-rescore/results/pri_2010_accessibility_rubric.csv. PRI 2010 §IV Q6. 2010 treated CSV/Excel as gold standard; 2026 should reward bulk download / API access — flag for Phase 3.	PRI 2010 included as coverage extension per user clearance 2026-05-06 — non-default, NOT a row-frame contributor			
ext_pri_2010_accessibility	pri_2010	accessibility.Q7a	Can users specify data searches on the website by Principal (city; authority hiring; employer; corporation; etc.).	Sorting data	binary			Source: docs/historical/pri-2026-rescore/results/pri_2010_accessibility_rubric.csv. PRI 2010 §IV Q7. Q7 = 15 sub-criteria a–o; original PRI scoring weighted each at 1 point (sub-component max 15).	PRI 2010 included as coverage extension per user clearance 2026-05-06 — non-default, NOT a row-frame contributor			
ext_pri_2010_accessibility	pri_2010	accessibility.Q7b	Can users specify data searches on the website by Principal's location (specific address; city).	Sorting data	binary			Source: docs/historical/pri-2026-rescore/results/pri_2010_accessibility_rubric.csv. PRI 2010 §IV Q7.	PRI 2010 included as coverage extension per user clearance 2026-05-06 — non-default, NOT a row-frame contributor			
ext_pri_2010_accessibility	pri_2010	accessibility.Q7c	Can users specify data searches on the website by Lobbyist name.	Sorting data	binary			Source: docs/historical/pri-2026-rescore/results/pri_2010_accessibility_rubric.csv. PRI 2010 §IV Q7.	PRI 2010 included as coverage extension per user clearance 2026-05-06 — non-default, NOT a row-frame contributor			
ext_pri_2010_accessibility	pri_2010	accessibility.Q7d	Can users specify data searches on the website by Lobbyist location (specific address; city).	Sorting data	binary			Source: docs/historical/pri-2026-rescore/results/pri_2010_accessibility_rubric.csv. PRI 2010 §IV Q7.	PRI 2010 included as coverage extension per user clearance 2026-05-06 — non-default, NOT a row-frame contributor			
ext_pri_2010_accessibility	pri_2010	accessibility.Q7e	Can users specify data searches on the website by Specific date.	Sorting data	binary			Source: docs/historical/pri-2026-rescore/results/pri_2010_accessibility_rubric.csv. PRI 2010 §IV Q7.	PRI 2010 included as coverage extension per user clearance 2026-05-06 — non-default, NOT a row-frame contributor			
ext_pri_2010_accessibility	pri_2010	accessibility.Q7f	Can users specify data searches on the website by Specific time period (normally quarter but it depends on how often the law requires data to be disclosed).	Sorting data	binary			Source: docs/historical/pri-2026-rescore/results/pri_2010_accessibility_rubric.csv. PRI 2010 §IV Q7.	PRI 2010 included as coverage extension per user clearance 2026-05-06 — non-default, NOT a row-frame contributor			
ext_pri_2010_accessibility	pri_2010	accessibility.Q7g	Can users specify data searches on the website by Total expenditures.	Sorting data	binary			Source: docs/historical/pri-2026-rescore/results/pri_2010_accessibility_rubric.csv. PRI 2010 §IV Q7.	PRI 2010 included as coverage extension per user clearance 2026-05-06 — non-default, NOT a row-frame contributor			
ext_pri_2010_accessibility	pri_2010	accessibility.Q7h	Can users specify data searches on the website by Compensation spending (portion of total expenditures for which the lobbyist is paid back).	Sorting data	binary			Source: docs/historical/pri-2026-rescore/results/pri_2010_accessibility_rubric.csv. PRI 2010 §IV Q7.	PRI 2010 included as coverage extension per user clearance 2026-05-06 — non-default, NOT a row-frame contributor			
ext_pri_2010_accessibility	pri_2010	accessibility.Q7i	Can users specify data searches on the website by Miscellaneous expenses (non-compensation).	Sorting data	binary			Source: docs/historical/pri-2026-rescore/results/pri_2010_accessibility_rubric.csv. PRI 2010 §IV Q7.	PRI 2010 included as coverage extension per user clearance 2026-05-06 — non-default, NOT a row-frame contributor			
ext_pri_2010_accessibility	pri_2010	accessibility.Q7j	Can users specify data searches on the website by Sources of funding (emphasis on public/taxpayer-funded).	Sorting data	binary			Source: docs/historical/pri-2026-rescore/results/pri_2010_accessibility_rubric.csv. PRI 2010 §IV Q7.	PRI 2010 included as coverage extension per user clearance 2026-05-06 — non-default, NOT a row-frame contributor			
ext_pri_2010_accessibility	pri_2010	accessibility.Q7k	Can users specify data searches on the website by Subject of lobbying (or item of legislation).	Sorting data	binary			Source: docs/historical/pri-2026-rescore/results/pri_2010_accessibility_rubric.csv. PRI 2010 §IV Q7.	PRI 2010 included as coverage extension per user clearance 2026-05-06 — non-default, NOT a row-frame contributor			
ext_pri_2010_accessibility	pri_2010	accessibility.Q7l	Can users specify data searches on the website by Designated entities assigned to lobbyist (group/congressman the lobbyist is working for).	Sorting data	binary			Source: docs/historical/pri-2026-rescore/results/pri_2010_accessibility_rubric.csv. PRI 2010 §IV Q7.	PRI 2010 included as coverage extension per user clearance 2026-05-06 — non-default, NOT a row-frame contributor			
ext_pri_2010_accessibility	pri_2010	accessibility.Q7m	Can users specify data searches on the website by Legal status of the principal (government; non-profit; for-profit; etc.).	Sorting data	binary			Source: docs/historical/pri-2026-rescore/results/pri_2010_accessibility_rubric.csv. PRI 2010 §IV Q7.	PRI 2010 included as coverage extension per user clearance 2026-05-06 — non-default, NOT a row-frame contributor			
ext_pri_2010_accessibility	pri_2010	accessibility.Q7n	Can users specify data searches on the website by Sector (transport; energy; banking; education; social services; etc.).	Sorting data	binary			Source: docs/historical/pri-2026-rescore/results/pri_2010_accessibility_rubric.csv. PRI 2010 §IV Q7.	PRI 2010 included as coverage extension per user clearance 2026-05-06 — non-default, NOT a row-frame contributor			
ext_pri_2010_accessibility	pri_2010	accessibility.Q7o	Can users specify data searches on the website by Sub-sector (K–12; secondary; vocational; etc.).	Sorting data	binary			Source: docs/historical/pri-2026-rescore/results/pri_2010_accessibility_rubric.csv. PRI 2010 §IV Q7.	PRI 2010 included as coverage extension per user clearance 2026-05-06 — non-default, NOT a row-frame contributor			
ext_pri_2010_accessibility	pri_2010	accessibility.Q8	Users can simultaneously sort lobbying data by multiple criteria.	Simultaneous sorting	ordinal_0_to_15			Source: docs/historical/pri-2026-rescore/results/pri_2010_accessibility_rubric.csv. PRI 2010 §IV Q8. Original PRI raw 0–15 then divided by 15 to a 0–1 sub-score; the 0–15 rubric is not specified in the paper — flag for Phase 3.	PRI 2010 included as coverage extension per user clearance 2026-05-06 — non-default, NOT a row-frame contributor			
ext_pri_2010_disclosure	pri_2010	disclosure.A1	Lobbyists.	A. Who is required to register	binary			Source: docs/historical/pri-2026-rescore/results/pri_2010_disclosure_law_rubric.csv. PRI 2010 §III.A. Per paper: all 50 states require lobbyists to register.	PRI 2010 included as coverage extension per user clearance 2026-05-06 — non-default, NOT a row-frame contributor			
ext_pri_2010_disclosure	pri_2010	disclosure.A2	Volunteer lobbyists.	A. Who is required to register	binary			Source: docs/historical/pri-2026-rescore/results/pri_2010_disclosure_law_rubric.csv. PRI 2010 §III.A. Per paper: 17 states required as of 2010.	PRI 2010 included as coverage extension per user clearance 2026-05-06 — non-default, NOT a row-frame contributor			
ext_pri_2010_disclosure	pri_2010	disclosure.A3	Principals who employ a lobbyist.	A. Who is required to register	binary			Source: docs/historical/pri-2026-rescore/results/pri_2010_disclosure_law_rubric.csv. PRI 2010 §III.A. Per paper: 24 states required as of 2010.	PRI 2010 included as coverage extension per user clearance 2026-05-06 — non-default, NOT a row-frame contributor			
ext_pri_2010_disclosure	pri_2010	disclosure.A4	Lobbying firms.	A. Who is required to register	binary			Source: docs/historical/pri-2026-rescore/results/pri_2010_disclosure_law_rubric.csv. PRI 2010 §III.A. Per paper: 17 states required as of 2010.	PRI 2010 included as coverage extension per user clearance 2026-05-06 — non-default, NOT a row-frame contributor			
ext_pri_2010_disclosure	pri_2010	disclosure.A5	Governor's office.	A. Who is required to register	binary			Source: docs/historical/pri-2026-rescore/results/pri_2010_disclosure_law_rubric.csv. PRI 2010 §III.A.	PRI 2010 included as coverage extension per user clearance 2026-05-06 — non-default, NOT a row-frame contributor			
ext_pri_2010_disclosure	pri_2010	disclosure.A6	Executive branch agencies.	A. Who is required to register	binary			Source: docs/historical/pri-2026-rescore/results/pri_2010_disclosure_law_rubric.csv. PRI 2010 §III.A.	PRI 2010 included as coverage extension per user clearance 2026-05-06 — non-default, NOT a row-frame contributor			
ext_pri_2010_disclosure	pri_2010	disclosure.A7	Legislative branch.	A. Who is required to register	binary			Source: docs/historical/pri-2026-rescore/results/pri_2010_disclosure_law_rubric.csv. PRI 2010 §III.A.	PRI 2010 included as coverage extension per user clearance 2026-05-06 — non-default, NOT a row-frame contributor			
ext_pri_2010_disclosure	pri_2010	disclosure.A8	Independent agencies.	A. Who is required to register	binary			Source: docs/historical/pri-2026-rescore/results/pri_2010_disclosure_law_rubric.csv. PRI 2010 §III.A.	PRI 2010 included as coverage extension per user clearance 2026-05-06 — non-default, NOT a row-frame contributor			
ext_pri_2010_disclosure	pri_2010	disclosure.A9	Local governments.	A. Who is required to register	binary			Source: docs/historical/pri-2026-rescore/results/pri_2010_disclosure_law_rubric.csv. PRI 2010 §III.A.	PRI 2010 included as coverage extension per user clearance 2026-05-06 — non-default, NOT a row-frame contributor			
ext_pri_2010_disclosure	pri_2010	disclosure.A10	Government agencies who lobby other agencies.	A. Who is required to register	binary			Source: docs/historical/pri-2026-rescore/results/pri_2010_disclosure_law_rubric.csv. PRI 2010 §III.A.	PRI 2010 included as coverage extension per user clearance 2026-05-06 — non-default, NOT a row-frame contributor			
ext_pri_2010_disclosure	pri_2010	disclosure.A11	Public entities, other than government agencies.	A. Who is required to register	binary			Source: docs/historical/pri-2026-rescore/results/pri_2010_disclosure_law_rubric.csv. PRI 2010 §III.A.	PRI 2010 included as coverage extension per user clearance 2026-05-06 — non-default, NOT a row-frame contributor			
ext_pri_2010_disclosure	pri_2010	disclosure.B1	Is there an exemption for government agencies and/or public officials acting within their official capacity?	B. Government exemptions	binary			"Source: docs/historical/pri-2026-rescore/results/pri_2010_disclosure_law_rubric.csv. PRI 2010 §III.B. Footnote 85 in source. Note: ""exemption exists"" reduces transparency; whether this counts positively or negatively in the score is not stated explicitly — flag for Phase 3."	PRI 2010 included as coverage extension per user clearance 2026-05-06 — non-default, NOT a row-frame contributor			
ext_pri_2010_disclosure	pri_2010	disclosure.B2	Are government agencies relieved and/or exempted (partially) from the regulations imposed on non-government organizations and individuals?	B. Government exemptions	binary			Source: docs/historical/pri-2026-rescore/results/pri_2010_disclosure_law_rubric.csv. PRI 2010 §III.B. Footnote 86 in source.	PRI 2010 included as coverage extension per user clearance 2026-05-06 — non-default, NOT a row-frame contributor			
ext_pri_2010_disclosure	pri_2010	disclosure.B3	Are government agencies subject to the same disclosure requirements as lobbyists?	B. Government exemptions	binary			Source: docs/historical/pri-2026-rescore/results/pri_2010_disclosure_law_rubric.csv. PRI 2010 §III.B.	PRI 2010 included as coverage extension per user clearance 2026-05-06 — non-default, NOT a row-frame contributor			
ext_pri_2010_disclosure	pri_2010	disclosure.B4	Are government agencies subject to the same disclosure requirements as principals?	B. Government exemptions	binary			Source: docs/historical/pri-2026-rescore/results/pri_2010_disclosure_law_rubric.csv. PRI 2010 §III.B.	PRI 2010 included as coverage extension per user clearance 2026-05-06 — non-default, NOT a row-frame contributor			
ext_pri_2010_disclosure	pri_2010	disclosure.C0	"Does the law include a definition of ""public entity""?"	C. Definition of public entity	binary			Source: docs/historical/pri-2026-rescore/results/pri_2010_disclosure_law_rubric.csv. PRI 2010 §III.C. Gate question — Table 5 reports C as 0/1 only, suggesting the published score reflected only this question. Sub-criteria C1–C3 below are described in the paper but their scoring contribution is not specified — flag for Phase 3.	PRI 2010 included as coverage extension per user clearance 2026-05-06 — non-default, NOT a row-frame contributor			
ext_pri_2010_disclosure	pri_2010	disclosure.C1	Definition relies on Ownership.	C. Definition of public entity	binary			Source: docs/historical/pri-2026-rescore/results/pri_2010_disclosure_law_rubric.csv. PRI 2010 §III.C. Sub-criterion of C0; only meaningful if C0=1.	PRI 2010 included as coverage extension per user clearance 2026-05-06 — non-default, NOT a row-frame contributor			
ext_pri_2010_disclosure	pri_2010	disclosure.C2	Definition relies on Structure or composition of revenue.	C. Definition of public entity	binary			Source: docs/historical/pri-2026-rescore/results/pri_2010_disclosure_law_rubric.csv. PRI 2010 §III.C. Sub-criterion of C0; only meaningful if C0=1.	PRI 2010 included as coverage extension per user clearance 2026-05-06 — non-default, NOT a row-frame contributor			
ext_pri_2010_disclosure	pri_2010	disclosure.C3	Definition relies on Public charter or special government protection.	C. Definition of public entity	binary			Source: docs/historical/pri-2026-rescore/results/pri_2010_disclosure_law_rubric.csv. PRI 2010 §III.C. Sub-criterion of C0; only meaningful if C0=1.	PRI 2010 included as coverage extension per user clearance 2026-05-06 — non-default, NOT a row-frame contributor			
ext_pri_2010_disclosure	pri_2010	disclosure.D0	Does the law include a materiality test (ability to exempt) for coverage in disclosure regulations?	D. Materiality test	binary			Source: docs/historical/pri-2026-rescore/results/pri_2010_disclosure_law_rubric.csv. PRI 2010 §III.D. Gate question — Table 5 reports D as 0/1 only.	PRI 2010 included as coverage extension per user clearance 2026-05-06 — non-default, NOT a row-frame contributor			
ext_pri_2010_disclosure	pri_2010	disclosure.D1_present	Financial threshold exists: if expenses are less than some dollar threshold the entity is exempted from filing disclosure.	D. Materiality test	binary			Source: docs/historical/pri-2026-rescore/results/pri_2010_disclosure_law_rubric.csv. PRI 2010 §III.D. Sub-criterion of D0.	PRI 2010 included as coverage extension per user clearance 2026-05-06 — non-default, NOT a row-frame contributor			
ext_pri_2010_disclosure	pri_2010	disclosure.D1_value	Dollar threshold value (USD) for financial-threshold exemption.	D. Materiality test	numeric_usd_or_null			Source: docs/historical/pri-2026-rescore/results/pri_2010_disclosure_law_rubric.csv. PRI 2010 §III.D. Capture raw value; null if no threshold.	PRI 2010 included as coverage extension per user clearance 2026-05-06 — non-default, NOT a row-frame contributor			
ext_pri_2010_disclosure	pri_2010	disclosure.D2_present	Time threshold exists: if amount of time devoted to lobbying is less than a threshold percentage of an individual's compensated time the individual or entity is exempted from filing disclosure.	D. Materiality test	binary			Source: docs/historical/pri-2026-rescore/results/pri_2010_disclosure_law_rubric.csv. PRI 2010 §III.D. Sub-criterion of D0.	PRI 2010 included as coverage extension per user clearance 2026-05-06 — non-default, NOT a row-frame contributor			
ext_pri_2010_disclosure	pri_2010	disclosure.D2_value	Percentage threshold value for time-threshold exemption.	D. Materiality test	numeric_percent_or_null			Source: docs/historical/pri-2026-rescore/results/pri_2010_disclosure_law_rubric.csv. PRI 2010 §III.D. Capture raw value; null if no threshold.	PRI 2010 included as coverage extension per user clearance 2026-05-06 — non-default, NOT a row-frame contributor			
ext_pri_2010_disclosure	pri_2010	disclosure.E1a	Are principals required to disclose?	E1. Principal Reports	binary			Source: docs/historical/pri-2026-rescore/results/pri_2010_disclosure_law_rubric.csv. PRI 2010 §III.E1. Gate question for the rest of E1.	PRI 2010 included as coverage extension per user clearance 2026-05-06 — non-default, NOT a row-frame contributor			
ext_pri_2010_disclosure	pri_2010	disclosure.E1b	Are principals required to disclose their address and phone number?	E1. Principal Reports	binary			Source: docs/historical/pri-2026-rescore/results/pri_2010_disclosure_law_rubric.csv. PRI 2010 §III.E1.	PRI 2010 included as coverage extension per user clearance 2026-05-06 — non-default, NOT a row-frame contributor			
ext_pri_2010_disclosure	pri_2010	disclosure.E1c	Are principals required to disclose the names of all the lobbyists representing them?	E1. Principal Reports	binary			Source: docs/historical/pri-2026-rescore/results/pri_2010_disclosure_law_rubric.csv. PRI 2010 §III.E1.	PRI 2010 included as coverage extension per user clearance 2026-05-06 — non-default, NOT a row-frame contributor			
ext_pri_2010_disclosure	pri_2010	disclosure.E1d	Are principals required to disclose the address and phone number of contracted lobbyists?	E1. Principal Reports	binary			Source: docs/historical/pri-2026-rescore/results/pri_2010_disclosure_law_rubric.csv. PRI 2010 §III.E1.	PRI 2010 included as coverage extension per user clearance 2026-05-06 — non-default, NOT a row-frame contributor			
ext_pri_2010_disclosure	pri_2010	disclosure.E1e	Are principals required to disclose the nature of the business (public or private)?	E1. Principal Reports	binary			Source: docs/historical/pri-2026-rescore/results/pri_2010_disclosure_law_rubric.csv. PRI 2010 §III.E1.	PRI 2010 included as coverage extension per user clearance 2026-05-06 — non-default, NOT a row-frame contributor			
ext_pri_2010_disclosure	pri_2010	disclosure.E1f_i	Required component of disclosure report: Direct lobbying costs (compensation).	E1. Principal Reports	binary			Source: docs/historical/pri-2026-rescore/results/pri_2010_disclosure_law_rubric.csv. PRI 2010 §III.E1.f.	PRI 2010 included as coverage extension per user clearance 2026-05-06 — non-default, NOT a row-frame contributor			
ext_pri_2010_disclosure	pri_2010	disclosure.E1f_ii	Required component of disclosure report: Indirect lobbying costs (non-compensation).	E1. Principal Reports	binary			Source: docs/historical/pri-2026-rescore/results/pri_2010_disclosure_law_rubric.csv. PRI 2010 §III.E1.f.	PRI 2010 included as coverage extension per user clearance 2026-05-06 — non-default, NOT a row-frame contributor			
ext_pri_2010_disclosure	pri_2010	disclosure.E1f_iii	Required component of disclosure report: Other costs such as gifts, entertainment, transportation, and lodging.	E1. Principal Reports	binary			Source: docs/historical/pri-2026-rescore/results/pri_2010_disclosure_law_rubric.csv. PRI 2010 §III.E1.f.	PRI 2010 included as coverage extension per user clearance 2026-05-06 — non-default, NOT a row-frame contributor			
ext_pri_2010_disclosure	pri_2010	disclosure.E1f_iv	Is the information disclosed in an itemized format (as opposed to an aggregated or lump-sum amount)?	E1. Principal Reports	binary			Source: docs/historical/pri-2026-rescore/results/pri_2010_disclosure_law_rubric.csv. PRI 2010 §III.E1.f.	PRI 2010 included as coverage extension per user clearance 2026-05-06 — non-default, NOT a row-frame contributor			
ext_pri_2010_disclosure	pri_2010	disclosure.E1g_i	Are principals required to disclose information on the issue lobbied by the general issues lobbied?	E1. Principal Reports	binary			Source: docs/historical/pri-2026-rescore/results/pri_2010_disclosure_law_rubric.csv. PRI 2010 §III.E1.g.	PRI 2010 included as coverage extension per user clearance 2026-05-06 — non-default, NOT a row-frame contributor			
ext_pri_2010_disclosure	pri_2010	disclosure.E1g_ii	Are principals required to disclose information on the issue lobbied by the specific bill number or legislation ID?	E1. Principal Reports	binary			Source: docs/historical/pri-2026-rescore/results/pri_2010_disclosure_law_rubric.csv. PRI 2010 §III.E1.g.	PRI 2010 included as coverage extension per user clearance 2026-05-06 — non-default, NOT a row-frame contributor			
ext_pri_2010_disclosure	pri_2010	disclosure.E1h_i	Reporting frequency option: Monthly.	E1. Principal Reports	binary			"Source: docs/historical/pri-2026-rescore/results/pri_2010_disclosure_law_rubric.csv. PRI 2010 §III.E1.h. Capture each frequency option as a separate item; downstream scoring per PRI footnote 89 awards ""1 point for reporting … less than three times a year"" (paper wording is ambiguous) — defer scoring rule to Phase 3."	PRI 2010 included as coverage extension per user clearance 2026-05-06 — non-default, NOT a row-frame contributor			
ext_pri_2010_disclosure	pri_2010	disclosure.E1h_ii	Reporting frequency option: Quarterly.	E1. Principal Reports	binary			Source: docs/historical/pri-2026-rescore/results/pri_2010_disclosure_law_rubric.csv. PRI 2010 §III.E1.h.	PRI 2010 included as coverage extension per user clearance 2026-05-06 — non-default, NOT a row-frame contributor			
ext_pri_2010_disclosure	pri_2010	disclosure.E1h_iii	Reporting frequency option: Tri-annually (linked with legislative calendar).	E1. Principal Reports	binary			Source: docs/historical/pri-2026-rescore/results/pri_2010_disclosure_law_rubric.csv. PRI 2010 §III.E1.h.	PRI 2010 included as coverage extension per user clearance 2026-05-06 — non-default, NOT a row-frame contributor			
ext_pri_2010_disclosure	pri_2010	disclosure.E1h_iv	Reporting frequency option: Semi-annually.	E1. Principal Reports	binary			Source: docs/historical/pri-2026-rescore/results/pri_2010_disclosure_law_rubric.csv. PRI 2010 §III.E1.h.	PRI 2010 included as coverage extension per user clearance 2026-05-06 — non-default, NOT a row-frame contributor			
ext_pri_2010_disclosure	pri_2010	disclosure.E1h_v	Reporting frequency option: Annually.	E1. Principal Reports	binary			Source: docs/historical/pri-2026-rescore/results/pri_2010_disclosure_law_rubric.csv. PRI 2010 §III.E1.h.	PRI 2010 included as coverage extension per user clearance 2026-05-06 — non-default, NOT a row-frame contributor			
ext_pri_2010_disclosure	pri_2010	disclosure.E1h_vi	Reporting frequency option: Other (free-text).	E1. Principal Reports	text			Source: docs/historical/pri-2026-rescore/results/pri_2010_disclosure_law_rubric.csv. PRI 2010 §III.E1.h.	PRI 2010 included as coverage extension per user clearance 2026-05-06 — non-default, NOT a row-frame contributor			
ext_pri_2010_disclosure	pri_2010	disclosure.E1i	Are principals required to disclose contacts?	E1. Principal Reports	binary			Source: docs/historical/pri-2026-rescore/results/pri_2010_disclosure_law_rubric.csv. PRI 2010 §III.E1.i. Footnote 90 in source.	PRI 2010 included as coverage extension per user clearance 2026-05-06 — non-default, NOT a row-frame contributor			
ext_pri_2010_disclosure	pri_2010	disclosure.E1j	Are principals required to disclose major financial contributors?	E1. Principal Reports	binary			"Source: docs/historical/pri-2026-rescore/results/pri_2010_disclosure_law_rubric.csv. PRI 2010 §III.E1.j. Per paper §III.E intro: scored independently of the rest of E (this is ""question J"" referenced in the text)."	PRI 2010 included as coverage extension per user clearance 2026-05-06 — non-default, NOT a row-frame contributor			
ext_pri_2010_disclosure	pri_2010	disclosure.E2a	Are lobbyists required to disclose?	E2. Lobbyist Disclosure	binary			Source: docs/historical/pri-2026-rescore/results/pri_2010_disclosure_law_rubric.csv. PRI 2010 §III.E2. Gate question for the rest of E2.	PRI 2010 included as coverage extension per user clearance 2026-05-06 — non-default, NOT a row-frame contributor			
ext_pri_2010_disclosure	pri_2010	disclosure.E2b	Are lobbyists required to disclose their address and phone number?	E2. Lobbyist Disclosure	binary			Source: docs/historical/pri-2026-rescore/results/pri_2010_disclosure_law_rubric.csv. PRI 2010 §III.E2.	PRI 2010 included as coverage extension per user clearance 2026-05-06 — non-default, NOT a row-frame contributor			
ext_pri_2010_disclosure	pri_2010	disclosure.E2c	Are lobbyists required to disclose the names of all the principals represented?	E2. Lobbyist Disclosure	binary			Source: docs/historical/pri-2026-rescore/results/pri_2010_disclosure_law_rubric.csv. PRI 2010 §III.E2.	PRI 2010 included as coverage extension per user clearance 2026-05-06 — non-default, NOT a row-frame contributor			
ext_pri_2010_disclosure	pri_2010	disclosure.E2d	Are lobbyists required to disclose the address and phone number of the principals represented?	E2. Lobbyist Disclosure	binary			Source: docs/historical/pri-2026-rescore/results/pri_2010_disclosure_law_rubric.csv. PRI 2010 §III.E2.	PRI 2010 included as coverage extension per user clearance 2026-05-06 — non-default, NOT a row-frame contributor			
ext_pri_2010_disclosure	pri_2010	disclosure.E2e	Are lobbyists required to disclose the nature of the principal's business (public or private)?	E2. Lobbyist Disclosure	binary			Source: docs/historical/pri-2026-rescore/results/pri_2010_disclosure_law_rubric.csv. PRI 2010 §III.E2.	PRI 2010 included as coverage extension per user clearance 2026-05-06 — non-default, NOT a row-frame contributor			
ext_pri_2010_disclosure	pri_2010	disclosure.E2f_i	Required component of disclosure report: Direct lobbying costs (compensation).	E2. Lobbyist Disclosure	binary			Source: docs/historical/pri-2026-rescore/results/pri_2010_disclosure_law_rubric.csv. PRI 2010 §III.E2.f.	PRI 2010 included as coverage extension per user clearance 2026-05-06 — non-default, NOT a row-frame contributor			
ext_pri_2010_disclosure	pri_2010	disclosure.E2f_ii	Required component of disclosure report: Indirect lobbying costs (non-compensation).	E2. Lobbyist Disclosure	binary			Source: docs/historical/pri-2026-rescore/results/pri_2010_disclosure_law_rubric.csv. PRI 2010 §III.E2.f.	PRI 2010 included as coverage extension per user clearance 2026-05-06 — non-default, NOT a row-frame contributor			
ext_pri_2010_disclosure	pri_2010	disclosure.E2f_iii	Required component of disclosure report: Other costs such as gifts, entertainment, transportation, and lodging.	E2. Lobbyist Disclosure	binary			Source: docs/historical/pri-2026-rescore/results/pri_2010_disclosure_law_rubric.csv. PRI 2010 §III.E2.f.	PRI 2010 included as coverage extension per user clearance 2026-05-06 — non-default, NOT a row-frame contributor			
ext_pri_2010_disclosure	pri_2010	disclosure.E2f_iv	Is the information disclosed in an itemized format (as opposed to an aggregated or lump-sum amount)?	E2. Lobbyist Disclosure	binary			Source: docs/historical/pri-2026-rescore/results/pri_2010_disclosure_law_rubric.csv. PRI 2010 §III.E2.f.	PRI 2010 included as coverage extension per user clearance 2026-05-06 — non-default, NOT a row-frame contributor			
ext_pri_2010_disclosure	pri_2010	disclosure.E2g_i	Are lobbyists required to disclose information on the issue lobbied by the general issues lobbied?	E2. Lobbyist Disclosure	binary			Source: docs/historical/pri-2026-rescore/results/pri_2010_disclosure_law_rubric.csv. PRI 2010 §III.E2.g.	PRI 2010 included as coverage extension per user clearance 2026-05-06 — non-default, NOT a row-frame contributor			
ext_pri_2010_disclosure	pri_2010	disclosure.E2g_ii	Are lobbyists required to disclose information on the issue lobbied by the specific bill number or legislation ID?	E2. Lobbyist Disclosure	binary			Source: docs/historical/pri-2026-rescore/results/pri_2010_disclosure_law_rubric.csv. PRI 2010 §III.E2.g.	PRI 2010 included as coverage extension per user clearance 2026-05-06 — non-default, NOT a row-frame contributor			
ext_pri_2010_disclosure	pri_2010	disclosure.E2h_i	Reporting frequency option: Monthly.	E2. Lobbyist Disclosure	binary			Source: docs/historical/pri-2026-rescore/results/pri_2010_disclosure_law_rubric.csv. PRI 2010 §III.E2.h.	PRI 2010 included as coverage extension per user clearance 2026-05-06 — non-default, NOT a row-frame contributor			
ext_pri_2010_disclosure	pri_2010	disclosure.E2h_ii	Reporting frequency option: Quarterly.	E2. Lobbyist Disclosure	binary			Source: docs/historical/pri-2026-rescore/results/pri_2010_disclosure_law_rubric.csv. PRI 2010 §III.E2.h.	PRI 2010 included as coverage extension per user clearance 2026-05-06 — non-default, NOT a row-frame contributor			
ext_pri_2010_disclosure	pri_2010	disclosure.E2h_iii	Reporting frequency option: Tri-annually (linked with legislative calendar).	E2. Lobbyist Disclosure	binary			Source: docs/historical/pri-2026-rescore/results/pri_2010_disclosure_law_rubric.csv. PRI 2010 §III.E2.h.	PRI 2010 included as coverage extension per user clearance 2026-05-06 — non-default, NOT a row-frame contributor			
ext_pri_2010_disclosure	pri_2010	disclosure.E2h_iv	Reporting frequency option: Semi-annually.	E2. Lobbyist Disclosure	binary			Source: docs/historical/pri-2026-rescore/results/pri_2010_disclosure_law_rubric.csv. PRI 2010 §III.E2.h.	PRI 2010 included as coverage extension per user clearance 2026-05-06 — non-default, NOT a row-frame contributor			
ext_pri_2010_disclosure	pri_2010	disclosure.E2h_v	Reporting frequency option: Annually.	E2. Lobbyist Disclosure	binary			Source: docs/historical/pri-2026-rescore/results/pri_2010_disclosure_law_rubric.csv. PRI 2010 §III.E2.h.	PRI 2010 included as coverage extension per user clearance 2026-05-06 — non-default, NOT a row-frame contributor			
ext_pri_2010_disclosure	pri_2010	disclosure.E2h_vi	Reporting frequency option: Other (free-text).	E2. Lobbyist Disclosure	text			Source: docs/historical/pri-2026-rescore/results/pri_2010_disclosure_law_rubric.csv. PRI 2010 §III.E2.h.	PRI 2010 included as coverage extension per user clearance 2026-05-06 — non-default, NOT a row-frame contributor			
ext_pri_2010_disclosure	pri_2010	disclosure.E2i	Are lobbyists required to disclose contacts?	E2. Lobbyist Disclosure	binary			Source: docs/historical/pri-2026-rescore/results/pri_2010_disclosure_law_rubric.csv. PRI 2010 §III.E2.i. Footnote 91 in source.	PRI 2010 included as coverage extension per user clearance 2026-05-06 — non-default, NOT a row-frame contributor			
